  0
SECTION
  2
HEADER
  9
$ACADVER
  1
AC1018
  9
$HANDSEED
  5
FFFFFFFF
  9
$ANGBASE
  50
0.0
  9
$ANGDIR
  70
1
  9
$MEASUREMENT
  70
1
  9
$INSUNITS
  70
4
  0
ENDSEC
  0
SECTION
  2
TABLES
  0
TABLE
  2
APPID
  5
1
330
0
100
AcDbSymbolTable
 70
1
  0
APPID
  5
2
330
1
100
AcDbSymbolTableRecord
100
AcDbRegAppTableRecord
  2
ACAD
 70
0
  0
ENDTAB
  0
TABLE
  2
LTYPE
  5
3
330
0
100
AcDbSymbolTable
 70
6
  0
LTYPE
  5
4
330
3
100
AcDbSymbolTableRecord
100
AcDbLinetypeTableRecord
  2
ByBlock
 70
0
  3

 72
65
 73
0
 40
0
  0
LTYPE
  5
5
330
3
100
AcDbSymbolTableRecord
100
AcDbLinetypeTableRecord
  2
ByLayer
 70
0
  3

 72
65
 73
0
 40
0
  0
LTYPE
  5
6
330
3
100
AcDbSymbolTableRecord
100
AcDbLinetypeTableRecord
  2
CONTINUOUS
 70
0
  3
Solid line
 72
65
 73
0
 40
0
  0
LTYPE
  5
7
330
3
100
AcDbSymbolTableRecord
100
AcDbLinetypeTableRecord
  2
DASHDOT
 70
0
  3
Dash Dot ____ _ ____ _
 72
65
 73
4
 40
2
 49
1.25
 74
0
 49
-0.25
 74
0
 49
0.25
 74
0
 49
-0.25
 74
0
  0
LTYPE
  5
8
330
3
100
AcDbSymbolTableRecord
100
AcDbLinetypeTableRecord
  2
DASHED
 70
0
  3
Dashed __ __ __ __ __
 72
65
 73
2
 40
0.75
 49
0.5
 74
0
 49
-0.25
 74
0
  0
LTYPE
  5
9
330
3
100
AcDbSymbolTableRecord
100
AcDbLinetypeTableRecord
  2
DOTTED
 70
0
  3
Dotted .  .  .  .
 72
65
 73
2
 40
0.2
 49
0.0
 74
0
 49
-0.2
 74
0
  0
ENDTAB
  0
TABLE
  2
STYLE
  5
A
330
0
100
AcDbSymbolTable
 70
4
  0
STYLE
  5
B
330
A
100
AcDbSymbolTableRecord
100
AcDbTextStyleTableRecord
  2
KICAD
 70
0
 40
0
 41
1
 42
1
 50
0
 71
0
  3
isocp.shx
  0
STYLE
  5
C
330
A
100
AcDbSymbolTableRecord
100
AcDbTextStyleTableRecord
  2
KICADB
 70
0
 40
0
 41
1
 42
1
 50
0
 71
0
  3
isocp.shx
  0
STYLE
  5
D
330
A
100
AcDbSymbolTableRecord
100
AcDbTextStyleTableRecord
  2
KICADI
 70
0
 40
0
 41
1
 42
1
 50
15
 71
0
  3
isocp.shx
  0
STYLE
  5
E
330
A
100
AcDbSymbolTableRecord
100
AcDbTextStyleTableRecord
  2
KICADBI
 70
0
 40
0
 41
1
 42
1
 50
15
 71
0
  3
isocp.shx
  0
ENDTAB
  0
TABLE
  2
LAYER
  5
F
330
0
100
AcDbSymbolTable
 70
3
  0
LAYER
  5
12
330
F
100
AcDbSymbolTableRecord
100
AcDbLayerTableRecord
  2
0
 70
0
 62
7
  6
CONTINUOUS
390
10
  0
LAYER
  5
13
330
F
100
AcDbSymbolTableRecord
100
AcDbLayerTableRecord
  2
F.Silkscreen
 70
0
 62
41
420
15920545
  6
CONTINUOUS
390
10
  0
LAYER
  5
14
330
F
100
AcDbSymbolTableRecord
100
AcDbLayerTableRecord
  2
Edge.Cuts
 70
0
 62
254
420
13685453
  6
CONTINUOUS
390
10
  0
ENDTAB
  0
TABLE
  2
VPORT
  5
15
330
0
100
AcDbSymbolTable
 70
0
  0
ENDTAB
  0
TABLE
  2
VIEW
  5
16
330
0
100
AcDbSymbolTable
 70
0
  0
ENDTAB
  0
TABLE
  2
UCS
  5
17
330
0
100
AcDbSymbolTable
 70
0
  0
ENDTAB
  0
TABLE
  2
DIMSTYLE
  5
18
330
0
100
AcDbSymbolTable
 70
1
100
AcDbDimStyleTable
 71
0
  0
DIMSTYLE
105
19
330
18
100
AcDbSymbolTableRecord
100
AcDbDimStyleTableRecord
  2
Standard
 70
0
  0
ENDTAB
  0
TABLE
  2
BLOCK_RECORD
  5
1A
330
0
100
AcDbSymbolTable
 70
3
  0
BLOCK_RECORD
  5
1B
330
1A
100
AcDbSymbolTableRecord
100
AcDbBlockTableRecord
  2
*Model_Space
340
1E
 70
0
280
1
281
0
  0
BLOCK_RECORD
  5
1C
330
1A
100
AcDbSymbolTableRecord
100
AcDbBlockTableRecord
  2
*Paper_Space
340
1F
 70
0
280
1
281
0
  0
BLOCK_RECORD
  5
1D
330
1A
100
AcDbSymbolTableRecord
100
AcDbBlockTableRecord
  2
*Paper_Space0
340
20
 70
0
280
1
281
0
  0
ENDTAB
  0
ENDSEC
  0
SECTION
  2
BLOCKS
  0
BLOCK
  5
24
330
1B
100
AcDbEntity
  8
0
100
AcDbBlockBegin
  2
*Model_Space
 70
0
 10
0.0
 20
0.0
 30
0.0
  3
*Model_Space
  1

  0
ENDBLK
  5
23
330
1B
100
AcDbEntity
  8
0
100
AcDbBlockEnd
  0
BLOCK
  5
26
330
1C
100
AcDbEntity
 67
1
  8
0
100
AcDbBlockBegin
  2
*Paper_Space
 70
0
 10
0.0
 20
0.0
 30
0.0
  3
*Paper_Space
  1

  0
ENDBLK
  5
25
330
1C
100
AcDbEntity
 67
1
  8
0
100
AcDbBlockEnd
  0
BLOCK
  5
28
330
1D
100
AcDbEntity
 67
1
  8
0
100
AcDbBlockBegin
  2
*Paper_Space0
 70
0
 10
0.0
 20
0.0
 30
0.0
  3
*Paper_Space0
  1

  0
ENDBLK
  5
27
330
1D
100
AcDbEntity
 67
1
  8
0
100
AcDbBlockEnd
  0
ENDSEC
  0
SECTION
  2
ENTITIES
  0
LINE
  5
29
330
1B
100
AcDbEntity
  8
F.Silkscreen
  6
CONTINUOUS
100
AcDbLine
 10
26.5366660000000003
 20
-21.6698190000000004
 30
0
 11
26.5366660000000003
 21
-22.3841040000000007
 31
0
  0
LINE
  5
2A
330
1B
100
AcDbEntity
  8
F.Silkscreen
  6
CONTINUOUS
100
AcDbLine
 10
26.5366660000000003
 20
-22.3841040000000007
 30
0
 11
26.4890469999999993
 21
-22.526961
 31
0
  0
LINE
  5
2B
330
1B
100
AcDbEntity
  8
F.Silkscreen
  6
CONTINUOUS
100
AcDbLine
 10
26.4890469999999993
 20
-22.526961
 30
0
 11
26.3938089999999974
 21
-22.6221999999999994
 31
0
  0
LINE
  5
2C
330
1B
100
AcDbEntity
  8
F.Silkscreen
  6
CONTINUOUS
100
AcDbLine
 10
26.3938089999999974
 20
-22.6221999999999994
 30
0
 11
26.2509519999999981
 21
-22.6698190000000004
 31
0
  0
LINE
  5
2D
330
1B
100
AcDbEntity
  8
F.Silkscreen
  6
CONTINUOUS
100
AcDbLine
 10
26.2509519999999981
 20
-22.6698190000000004
 30
0
 11
26.1557139999999997
 21
-22.6698190000000004
 31
0
  0
LINE
  5
2E
330
1B
100
AcDbEntity
  8
F.Silkscreen
  6
CONTINUOUS
100
AcDbLine
 10
27.4414279999999984
 20
-22.003152
 30
0
 11
27.4414279999999984
 21
-22.6698190000000004
 31
0
  0
LINE
  5
2F
330
1B
100
AcDbEntity
  8
F.Silkscreen
  6
CONTINUOUS
100
AcDbLine
 10
27.2033329999999971
 20
-21.6221999999999994
 30
0
 11
26.9652379999999994
 21
-22.3364849999999997
 31
0
  0
LINE
  5
30
330
1B
100
AcDbEntity
  8
F.Silkscreen
  6
CONTINUOUS
100
AcDbLine
 10
26.9652379999999994
 20
-22.3364849999999997
 30
0
 11
27.5842849999999977
 21
-22.3364849999999997
 31
0
  0
LINE
  5
31
330
1B
100
AcDbEntity
  8
F.Silkscreen
  6
CONTINUOUS
100
AcDbLine
 10
28.7366659999999996
 20
-99.3098189999999903
 30
0
 11
28.7366659999999996
 21
-100.0241039999999941
 31
0
  0
LINE
  5
32
330
1B
100
AcDbEntity
  8
F.Silkscreen
  6
CONTINUOUS
100
AcDbLine
 10
28.7366659999999996
 20
-100.0241039999999941
 30
0
 11
28.6890469999999986
 21
-100.1669610000000006
 31
0
  0
LINE
  5
33
330
1B
100
AcDbEntity
  8
F.Silkscreen
  6
CONTINUOUS
100
AcDbLine
 10
28.6890469999999986
 20
-100.1669610000000006
 30
0
 11
28.5938090000000003
 21
-100.2621999999999929
 31
0
  0
LINE
  5
34
330
1B
100
AcDbEntity
  8
F.Silkscreen
  6
CONTINUOUS
100
AcDbLine
 10
28.5938090000000003
 20
-100.2621999999999929
 30
0
 11
28.4509519999999974
 21
-100.3098189999999903
 31
0
  0
LINE
  5
35
330
1B
100
AcDbEntity
  8
F.Silkscreen
  6
CONTINUOUS
100
AcDbLine
 10
28.4509519999999974
 20
-100.3098189999999903
 30
0
 11
28.355713999999999
 21
-100.3098189999999903
 31
0
  0
LINE
  5
36
330
1B
100
AcDbEntity
  8
F.Silkscreen
  6
CONTINUOUS
100
AcDbLine
 10
29.7366659999999996
 20
-100.3098189999999903
 30
0
 11
29.1652379999999987
 21
-100.3098189999999903
 31
0
  0
LINE
  5
37
330
1B
100
AcDbEntity
  8
F.Silkscreen
  6
CONTINUOUS
100
AcDbLine
 10
29.4509519999999974
 20
-100.3098189999999903
 30
0
 11
29.4509519999999974
 21
-99.3098189999999903
 31
0
  0
LINE
  5
38
330
1B
100
AcDbEntity
  8
F.Silkscreen
  6
CONTINUOUS
100
AcDbLine
 10
29.4509519999999974
 20
-99.3098189999999903
 30
0
 11
29.355713999999999
 21
-99.4526759999999967
 31
0
  0
LINE
  5
39
330
1B
100
AcDbEntity
  8
F.Silkscreen
  6
CONTINUOUS
100
AcDbLine
 10
29.355713999999999
 20
-99.4526759999999967
 30
0
 11
29.260475999999997
 21
-99.5479139999999916
 31
0
  0
LINE
  5
3A
330
1B
100
AcDbEntity
  8
F.Silkscreen
  6
CONTINUOUS
100
AcDbLine
 10
29.260475999999997
 20
-99.5479139999999916
 30
0
 11
29.1652379999999987
 21
-99.595532999999989
 31
0
  0
LINE
  5
3B
330
1B
100
AcDbEntity
  8
F.Silkscreen
  6
CONTINUOUS
100
AcDbLine
 10
29.8033329999999985
 20
-94.459818999999996
 30
0
 11
29.4699999999999989
 21
-93.983627999999996
 31
0
  0
LINE
  5
3C
330
1B
100
AcDbEntity
  8
F.Silkscreen
  6
CONTINUOUS
100
AcDbLine
 10
29.2319049999999976
 20
-94.459818999999996
 30
0
 11
29.2319049999999976
 21
-93.459818999999996
 31
0
  0
LINE
  5
3D
330
1B
100
AcDbEntity
  8
F.Silkscreen
  6
CONTINUOUS
100
AcDbLine
 10
29.2319049999999976
 20
-93.459818999999996
 30
0
 11
29.6128569999999982
 21
-93.459818999999996
 31
0
  0
LINE
  5
3E
330
1B
100
AcDbEntity
  8
F.Silkscreen
  6
CONTINUOUS
100
AcDbLine
 10
29.6128569999999982
 20
-93.459818999999996
 30
0
 11
29.7080950000000001
 21
-93.5074379999999934
 31
0
  0
LINE
  5
3F
330
1B
100
AcDbEntity
  8
F.Silkscreen
  6
CONTINUOUS
100
AcDbLine
 10
29.7080950000000001
 20
-93.5074379999999934
 30
0
 11
29.7557139999999976
 21
-93.5550569999999908
 31
0
  0
LINE
  5
40
330
1B
100
AcDbEntity
  8
F.Silkscreen
  6
CONTINUOUS
100
AcDbLine
 10
29.7557139999999976
 20
-93.5550569999999908
 30
0
 11
29.8033329999999985
 21
-93.6502949999999998
 31
0
  0
LINE
  5
41
330
1B
100
AcDbEntity
  8
F.Silkscreen
  6
CONTINUOUS
100
AcDbLine
 10
29.8033329999999985
 20
-93.6502949999999998
 30
0
 11
29.8033329999999985
 21
-93.7931519999999921
 31
0
  0
LINE
  5
42
330
1B
100
AcDbEntity
  8
F.Silkscreen
  6
CONTINUOUS
100
AcDbLine
 10
29.8033329999999985
 20
-93.7931519999999921
 30
0
 11
29.7557139999999976
 21
-93.8883900000000011
 31
0
  0
LINE
  5
43
330
1B
100
AcDbEntity
  8
F.Silkscreen
  6
CONTINUOUS
100
AcDbLine
 10
29.7557139999999976
 20
-93.8883900000000011
 30
0
 11
29.7080950000000001
 21
-93.9360089999999985
 31
0
  0
LINE
  5
44
330
1B
100
AcDbEntity
  8
F.Silkscreen
  6
CONTINUOUS
100
AcDbLine
 10
29.7080950000000001
 20
-93.9360089999999985
 30
0
 11
29.6128569999999982
 21
-93.983627999999996
 31
0
  0
LINE
  5
45
330
1B
100
AcDbEntity
  8
F.Silkscreen
  6
CONTINUOUS
100
AcDbLine
 10
29.6128569999999982
 20
-93.983627999999996
 30
0
 11
29.2319049999999976
 21
-93.983627999999996
 31
0
  0
LINE
  5
46
330
1B
100
AcDbEntity
  8
F.Silkscreen
  6
CONTINUOUS
100
AcDbLine
 10
30.6604759999999992
 20
-93.7931519999999921
 30
0
 11
30.6604759999999992
 21
-94.459818999999996
 31
0
  0
LINE
  5
47
330
1B
100
AcDbEntity
  8
F.Silkscreen
  6
CONTINUOUS
100
AcDbLine
 10
30.4223809999999979
 20
-93.4121999999999986
 30
0
 11
30.1842860000000002
 21
-94.1264850000000024
 31
0
  0
LINE
  5
48
330
1B
100
AcDbEntity
  8
F.Silkscreen
  6
CONTINUOUS
100
AcDbLine
 10
30.1842860000000002
 20
-94.1264850000000024
 30
0
 11
30.8033329999999985
 21
-94.1264850000000024
 31
0
  0
LINE
  5
49
330
1B
100
AcDbEntity
  8
F.Silkscreen
  6
CONTINUOUS
100
AcDbLine
 10
30.274760999999998
 20
-86.0050569999999936
 30
0
 11
30.1795229999999997
 21
-85.9574379999999962
 31
0
  0
LINE
  5
4A
330
1B
100
AcDbEntity
  8
F.Silkscreen
  6
CONTINUOUS
100
AcDbLine
 10
30.1795229999999997
 20
-85.9574379999999962
 30
0
 11
30.0842849999999977
 21
-85.8622000000000014
 31
0
  0
LINE
  5
4B
330
1B
100
AcDbEntity
  8
F.Silkscreen
  6
CONTINUOUS
100
AcDbLine
 10
30.0842849999999977
 20
-85.8622000000000014
 30
0
 11
29.9414279999999984
 21
-85.7193419999999975
 31
0
  0
LINE
  5
4C
330
1B
100
AcDbEntity
  8
F.Silkscreen
  6
CONTINUOUS
100
AcDbLine
 10
29.9414279999999984
 20
-85.7193419999999975
 30
0
 11
29.84619
 21
-85.6717230000000001
 31
0
  0
LINE
  5
4D
330
1B
100
AcDbEntity
  8
F.Silkscreen
  6
CONTINUOUS
100
AcDbLine
 10
29.84619
 20
-85.6717230000000001
 30
0
 11
29.7509519999999981
 21
-85.6717230000000001
 31
0
  0
LINE
  5
4E
330
1B
100
AcDbEntity
  8
F.Silkscreen
  6
CONTINUOUS
100
AcDbLine
 10
29.798570999999999
 20
-85.9098189999999988
 30
0
 11
29.7033329999999971
 21
-85.8622000000000014
 31
0
  0
LINE
  5
4F
330
1B
100
AcDbEntity
  8
F.Silkscreen
  6
CONTINUOUS
100
AcDbLine
 10
29.7033329999999971
 20
-85.8622000000000014
 30
0
 11
29.6080949999999987
 21
-85.7669609999999949
 31
0
  0
LINE
  5
50
330
1B
100
AcDbEntity
  8
F.Silkscreen
  6
CONTINUOUS
100
AcDbLine
 10
29.6080949999999987
 20
-85.7669609999999949
 30
0
 11
29.5604759999999978
 21
-85.576484999999991
 31
0
  0
LINE
  5
51
330
1B
100
AcDbEntity
  8
F.Silkscreen
  6
CONTINUOUS
100
AcDbLine
 10
29.5604759999999978
 20
-85.576484999999991
 30
0
 11
29.5604759999999978
 21
-85.2431519999999949
 31
0
  0
LINE
  5
52
330
1B
100
AcDbEntity
  8
F.Silkscreen
  6
CONTINUOUS
100
AcDbLine
 10
29.5604759999999978
 20
-85.2431519999999949
 30
0
 11
29.6080949999999987
 21
-85.0526759999999911
 31
0
  0
LINE
  5
53
330
1B
100
AcDbEntity
  8
F.Silkscreen
  6
CONTINUOUS
100
AcDbLine
 10
29.6080949999999987
 20
-85.0526759999999911
 30
0
 11
29.7033329999999971
 21
-84.9574379999999962
 31
0
  0
LINE
  5
54
330
1B
100
AcDbEntity
  8
F.Silkscreen
  6
CONTINUOUS
100
AcDbLine
 10
29.7033329999999971
 20
-84.9574379999999962
 30
0
 11
29.798570999999999
 21
-84.9098189999999988
 31
0
  0
LINE
  5
55
330
1B
100
AcDbEntity
  8
F.Silkscreen
  6
CONTINUOUS
100
AcDbLine
 10
29.798570999999999
 20
-84.9098189999999988
 30
0
 11
29.9890469999999993
 21
-84.9098189999999988
 31
0
  0
LINE
  5
56
330
1B
100
AcDbEntity
  8
F.Silkscreen
  6
CONTINUOUS
100
AcDbLine
 10
29.9890469999999993
 20
-84.9098189999999988
 30
0
 11
30.0842849999999977
 21
-84.9574379999999962
 31
0
  0
LINE
  5
57
330
1B
100
AcDbEntity
  8
F.Silkscreen
  6
CONTINUOUS
100
AcDbLine
 10
30.0842849999999977
 20
-84.9574379999999962
 30
0
 11
30.1795229999999997
 21
-85.0526759999999911
 31
0
  0
LINE
  5
58
330
1B
100
AcDbEntity
  8
F.Silkscreen
  6
CONTINUOUS
100
AcDbLine
 10
30.1795229999999997
 20
-85.0526759999999911
 30
0
 11
30.2271419999999971
 21
-85.2431519999999949
 31
0
  0
LINE
  5
59
330
1B
100
AcDbEntity
  8
F.Silkscreen
  6
CONTINUOUS
100
AcDbLine
 10
30.2271419999999971
 20
-85.2431519999999949
 30
0
 11
30.2271419999999971
 21
-85.576484999999991
 31
0
  0
LINE
  5
5A
330
1B
100
AcDbEntity
  8
F.Silkscreen
  6
CONTINUOUS
100
AcDbLine
 10
30.2271419999999971
 20
-85.576484999999991
 30
0
 11
30.1795229999999997
 21
-85.7669609999999949
 31
0
  0
LINE
  5
5B
330
1B
100
AcDbEntity
  8
F.Silkscreen
  6
CONTINUOUS
100
AcDbLine
 10
30.1795229999999997
 20
-85.7669609999999949
 30
0
 11
30.0842849999999977
 21
-85.8622000000000014
 31
0
  0
LINE
  5
5C
330
1B
100
AcDbEntity
  8
F.Silkscreen
  6
CONTINUOUS
100
AcDbLine
 10
30.0842849999999977
 20
-85.8622000000000014
 30
0
 11
29.9890469999999993
 21
-85.9098189999999988
 31
0
  0
LINE
  5
5D
330
1B
100
AcDbEntity
  8
F.Silkscreen
  6
CONTINUOUS
100
AcDbLine
 10
29.9890469999999993
 20
-85.9098189999999988
 30
0
 11
29.798570999999999
 21
-85.9098189999999988
 31
0
  0
LINE
  5
5E
330
1B
100
AcDbEntity
  8
F.Silkscreen
  6
CONTINUOUS
100
AcDbLine
 10
31.1795229999999997
 20
-85.9098189999999988
 30
0
 11
30.6080949999999987
 21
-85.9098189999999988
 31
0
  0
LINE
  5
5F
330
1B
100
AcDbEntity
  8
F.Silkscreen
  6
CONTINUOUS
100
AcDbLine
 10
30.8938089999999974
 20
-85.9098189999999988
 30
0
 11
30.8938089999999974
 21
-84.9098189999999988
 31
0
  0
LINE
  5
60
330
1B
100
AcDbEntity
  8
F.Silkscreen
  6
CONTINUOUS
100
AcDbLine
 10
30.8938089999999974
 20
-84.9098189999999988
 30
0
 11
30.798570999999999
 21
-85.0526759999999911
 31
0
  0
LINE
  5
61
330
1B
100
AcDbEntity
  8
F.Silkscreen
  6
CONTINUOUS
100
AcDbLine
 10
30.798570999999999
 20
-85.0526759999999911
 30
0
 11
30.7033329999999971
 21
-85.1479140000000001
 31
0
  0
LINE
  5
62
330
1B
100
AcDbEntity
  8
F.Silkscreen
  6
CONTINUOUS
100
AcDbLine
 10
30.7033329999999971
 20
-85.1479140000000001
 30
0
 11
30.6080949999999987
 21
-85.1955329999999975
 31
0
  0
LINE
  5
63
330
1B
100
AcDbEntity
  8
F.Silkscreen
  6
CONTINUOUS
100
AcDbLine
 10
32.9366659999999953
 20
-21.699818999999998
 30
0
 11
32.9366659999999953
 21
-22.4141039999999983
 31
0
  0
LINE
  5
64
330
1B
100
AcDbEntity
  8
F.Silkscreen
  6
CONTINUOUS
100
AcDbLine
 10
32.9366659999999953
 20
-22.4141039999999983
 30
0
 11
32.8890469999999979
 21
-22.5569609999999976
 31
0
  0
LINE
  5
65
330
1B
100
AcDbEntity
  8
F.Silkscreen
  6
CONTINUOUS
100
AcDbLine
 10
32.8890469999999979
 20
-22.5569609999999976
 30
0
 11
32.793808999999996
 21
-22.6522000000000006
 31
0
  0
LINE
  5
66
330
1B
100
AcDbEntity
  8
F.Silkscreen
  6
CONTINUOUS
100
AcDbLine
 10
32.793808999999996
 20
-22.6522000000000006
 30
0
 11
32.6509519999999966
 21
-22.699818999999998
 31
0
  0
LINE
  5
67
330
1B
100
AcDbEntity
  8
F.Silkscreen
  6
CONTINUOUS
100
AcDbLine
 10
32.6509519999999966
 20
-22.699818999999998
 30
0
 11
32.5557140000000018
 21
-22.699818999999998
 31
0
  0
LINE
  5
68
330
1B
100
AcDbEntity
  8
F.Silkscreen
  6
CONTINUOUS
100
AcDbLine
 10
33.3176190000000005
 20
-21.699818999999998
 30
0
 11
33.9366659999999953
 21
-21.699818999999998
 31
0
  0
LINE
  5
69
330
1B
100
AcDbEntity
  8
F.Silkscreen
  6
CONTINUOUS
100
AcDbLine
 10
33.9366659999999953
 20
-21.699818999999998
 30
0
 11
33.6033329999999992
 21
-22.0807709999999986
 31
0
  0
LINE
  5
6A
330
1B
100
AcDbEntity
  8
F.Silkscreen
  6
CONTINUOUS
100
AcDbLine
 10
33.6033329999999992
 20
-22.0807709999999986
 30
0
 11
33.7461899999999986
 21
-22.0807709999999986
 31
0
  0
LINE
  5
6B
330
1B
100
AcDbEntity
  8
F.Silkscreen
  6
CONTINUOUS
100
AcDbLine
 10
33.7461899999999986
 20
-22.0807709999999986
 30
0
 11
33.8414280000000005
 21
-22.1283899999999996
 31
0
  0
LINE
  5
6C
330
1B
100
AcDbEntity
  8
F.Silkscreen
  6
CONTINUOUS
100
AcDbLine
 10
33.8414280000000005
 20
-22.1283899999999996
 30
0
 11
33.8890469999999979
 21
-22.1760090000000005
 31
0
  0
LINE
  5
6D
330
1B
100
AcDbEntity
  8
F.Silkscreen
  6
CONTINUOUS
100
AcDbLine
 10
33.8890469999999979
 20
-22.1760090000000005
 30
0
 11
33.9366659999999953
 21
-22.2712469999999989
 31
0
  0
LINE
  5
6E
330
1B
100
AcDbEntity
  8
F.Silkscreen
  6
CONTINUOUS
100
AcDbLine
 10
33.9366659999999953
 20
-22.2712469999999989
 30
0
 11
33.9366659999999953
 21
-22.5093420000000002
 31
0
  0
LINE
  5
6F
330
1B
100
AcDbEntity
  8
F.Silkscreen
  6
CONTINUOUS
100
AcDbLine
 10
33.9366659999999953
 20
-22.5093420000000002
 30
0
 11
33.8890469999999979
 21
-22.6045799999999986
 31
0
  0
LINE
  5
70
330
1B
100
AcDbEntity
  8
F.Silkscreen
  6
CONTINUOUS
100
AcDbLine
 10
33.8890469999999979
 20
-22.6045799999999986
 30
0
 11
33.8414280000000005
 21
-22.6522000000000006
 31
0
  0
LINE
  5
71
330
1B
100
AcDbEntity
  8
F.Silkscreen
  6
CONTINUOUS
100
AcDbLine
 10
33.8414280000000005
 20
-22.6522000000000006
 30
0
 11
33.7461899999999986
 21
-22.699818999999998
 31
0
  0
LINE
  5
72
330
1B
100
AcDbEntity
  8
F.Silkscreen
  6
CONTINUOUS
100
AcDbLine
 10
33.7461899999999986
 20
-22.699818999999998
 30
0
 11
33.4604759999999999
 21
-22.699818999999998
 31
0
  0
LINE
  5
73
330
1B
100
AcDbEntity
  8
F.Silkscreen
  6
CONTINUOUS
100
AcDbLine
 10
33.4604759999999999
 20
-22.699818999999998
 30
0
 11
33.365237999999998
 21
-22.6522000000000006
 31
0
  0
LINE
  5
74
330
1B
100
AcDbEntity
  8
F.Silkscreen
  6
CONTINUOUS
100
AcDbLine
 10
33.365237999999998
 20
-22.6522000000000006
 30
0
 11
33.3176190000000005
 21
-22.6045799999999986
 31
0
  0
LINE
  5
75
330
1B
100
AcDbEntity
  8
F.Silkscreen
  6
CONTINUOUS
100
AcDbLine
 10
37.855713999999999
 20
-40.3941039999999987
 30
0
 11
38.3319040000000015
 21
-40.3941039999999987
 31
0
  0
LINE
  5
76
330
1B
100
AcDbEntity
  8
F.Silkscreen
  6
CONTINUOUS
100
AcDbLine
 10
37.760475999999997
 20
-40.6798189999999948
 30
0
 11
38.0938090000000003
 21
-39.6798189999999948
 31
0
  0
LINE
  5
77
330
1B
100
AcDbEntity
  8
F.Silkscreen
  6
CONTINUOUS
100
AcDbLine
 10
38.0938090000000003
 20
-39.6798189999999948
 30
0
 11
38.4271419999999964
 21
-40.6798189999999948
 31
0
  0
LINE
  5
78
330
1B
100
AcDbEntity
  8
F.Silkscreen
  6
CONTINUOUS
100
AcDbLine
 10
39.284284999999997
 20
-40.6798189999999948
 30
0
 11
38.7128569999999996
 21
-40.6798189999999948
 31
0
  0
LINE
  5
79
330
1B
100
AcDbEntity
  8
F.Silkscreen
  6
CONTINUOUS
100
AcDbLine
 10
38.9985709999999983
 20
-40.6798189999999948
 30
0
 11
38.9985709999999983
 21
-39.6798189999999948
 31
0
  0
LINE
  5
7A
330
1B
100
AcDbEntity
  8
F.Silkscreen
  6
CONTINUOUS
100
AcDbLine
 10
38.9985709999999983
 20
-39.6798189999999948
 30
0
 11
38.9033329999999964
 21
-39.8226760000000013
 31
0
  0
LINE
  5
7B
330
1B
100
AcDbEntity
  8
F.Silkscreen
  6
CONTINUOUS
100
AcDbLine
 10
38.9033329999999964
 20
-39.8226760000000013
 30
0
 11
38.8080950000000016
 21
-39.9179139999999961
 31
0
  0
LINE
  5
7C
330
1B
100
AcDbEntity
  8
F.Silkscreen
  6
CONTINUOUS
100
AcDbLine
 10
38.8080950000000016
 20
-39.9179139999999961
 30
0
 11
38.7128569999999996
 21
-39.9655330000000006
 31
0
  0
LINE
  5
7D
330
1B
100
AcDbEntity
  8
F.Silkscreen
  6
CONTINUOUS
100
AcDbLine
 10
39.6366659999999982
 20
-99.3098189999999903
 30
0
 11
39.6366659999999982
 21
-100.0241039999999941
 31
0
  0
LINE
  5
7E
330
1B
100
AcDbEntity
  8
F.Silkscreen
  6
CONTINUOUS
100
AcDbLine
 10
39.6366659999999982
 20
-100.0241039999999941
 30
0
 11
39.5890470000000008
 21
-100.1669610000000006
 31
0
  0
LINE
  5
7F
330
1B
100
AcDbEntity
  8
F.Silkscreen
  6
CONTINUOUS
100
AcDbLine
 10
39.5890470000000008
 20
-100.1669610000000006
 30
0
 11
39.4938089999999988
 21
-100.2621999999999929
 31
0
  0
LINE
  5
80
330
1B
100
AcDbEntity
  8
F.Silkscreen
  6
CONTINUOUS
100
AcDbLine
 10
39.4938089999999988
 20
-100.2621999999999929
 30
0
 11
39.3509519999999995
 21
-100.3098189999999903
 31
0
  0
LINE
  5
81
330
1B
100
AcDbEntity
  8
F.Silkscreen
  6
CONTINUOUS
100
AcDbLine
 10
39.3509519999999995
 20
-100.3098189999999903
 30
0
 11
39.2557139999999976
 21
-100.3098189999999903
 31
0
  0
LINE
  5
82
330
1B
100
AcDbEntity
  8
F.Silkscreen
  6
CONTINUOUS
100
AcDbLine
 10
40.0652380000000008
 20
-99.4050569999999993
 30
0
 11
40.1128569999999982
 21
-99.3574380000000019
 31
0
  0
LINE
  5
83
330
1B
100
AcDbEntity
  8
F.Silkscreen
  6
CONTINUOUS
100
AcDbLine
 10
40.1128569999999982
 20
-99.3574380000000019
 30
0
 11
40.2080950000000001
 21
-99.3098189999999903
 31
0
  0
LINE
  5
84
330
1B
100
AcDbEntity
  8
F.Silkscreen
  6
CONTINUOUS
100
AcDbLine
 10
40.2080950000000001
 20
-99.3098189999999903
 30
0
 11
40.4461900000000014
 21
-99.3098189999999903
 31
0
  0
LINE
  5
85
330
1B
100
AcDbEntity
  8
F.Silkscreen
  6
CONTINUOUS
100
AcDbLine
 10
40.4461900000000014
 20
-99.3098189999999903
 30
0
 11
40.5414279999999962
 21
-99.3574380000000019
 31
0
  0
LINE
  5
86
330
1B
100
AcDbEntity
  8
F.Silkscreen
  6
CONTINUOUS
100
AcDbLine
 10
40.5414279999999962
 20
-99.3574380000000019
 30
0
 11
40.5890470000000008
 21
-99.4050569999999993
 31
0
  0
LINE
  5
87
330
1B
100
AcDbEntity
  8
F.Silkscreen
  6
CONTINUOUS
100
AcDbLine
 10
40.5890470000000008
 20
-99.4050569999999993
 30
0
 11
40.6366659999999982
 21
-99.5002949999999942
 31
0
  0
LINE
  5
88
330
1B
100
AcDbEntity
  8
F.Silkscreen
  6
CONTINUOUS
100
AcDbLine
 10
40.6366659999999982
 20
-99.5002949999999942
 30
0
 11
40.6366659999999982
 21
-99.595532999999989
 31
0
  0
LINE
  5
89
330
1B
100
AcDbEntity
  8
F.Silkscreen
  6
CONTINUOUS
100
AcDbLine
 10
40.6366659999999982
 20
-99.595532999999989
 30
0
 11
40.5890470000000008
 21
-99.7383899999999954
 31
0
  0
LINE
  5
8A
330
1B
100
AcDbEntity
  8
F.Silkscreen
  6
CONTINUOUS
100
AcDbLine
 10
40.5890470000000008
 20
-99.7383899999999954
 30
0
 11
40.0176189999999963
 21
-100.3098189999999903
 31
0
  0
LINE
  5
8B
330
1B
100
AcDbEntity
  8
F.Silkscreen
  6
CONTINUOUS
100
AcDbLine
 10
40.0176189999999963
 20
-100.3098189999999903
 30
0
 11
40.6366659999999982
 21
-100.3098189999999903
 31
0
  0
LINE
  5
8C
330
1B
100
AcDbEntity
  8
F.Silkscreen
  6
CONTINUOUS
100
AcDbLine
 10
42.4033329999999964
 20
-94.459818999999996
 30
0
 11
42.0700000000000003
 21
-93.983627999999996
 31
0
  0
LINE
  5
8D
330
1B
100
AcDbEntity
  8
F.Silkscreen
  6
CONTINUOUS
100
AcDbLine
 10
41.831904999999999
 20
-94.459818999999996
 30
0
 11
41.831904999999999
 21
-93.459818999999996
 31
0
  0
LINE
  5
8E
330
1B
100
AcDbEntity
  8
F.Silkscreen
  6
CONTINUOUS
100
AcDbLine
 10
41.831904999999999
 20
-93.459818999999996
 30
0
 11
42.2128569999999996
 21
-93.459818999999996
 31
0
  0
LINE
  5
8F
330
1B
100
AcDbEntity
  8
F.Silkscreen
  6
CONTINUOUS
100
AcDbLine
 10
42.2128569999999996
 20
-93.459818999999996
 30
0
 11
42.3080950000000016
 21
-93.5074379999999934
 31
0
  0
LINE
  5
90
330
1B
100
AcDbEntity
  8
F.Silkscreen
  6
CONTINUOUS
100
AcDbLine
 10
42.3080950000000016
 20
-93.5074379999999934
 30
0
 11
42.355713999999999
 21
-93.5550569999999908
 31
0
  0
LINE
  5
91
330
1B
100
AcDbEntity
  8
F.Silkscreen
  6
CONTINUOUS
100
AcDbLine
 10
42.355713999999999
 20
-93.5550569999999908
 30
0
 11
42.4033329999999964
 21
-93.6502949999999998
 31
0
  0
LINE
  5
92
330
1B
100
AcDbEntity
  8
F.Silkscreen
  6
CONTINUOUS
100
AcDbLine
 10
42.4033329999999964
 20
-93.6502949999999998
 30
0
 11
42.4033329999999964
 21
-93.7931519999999921
 31
0
  0
LINE
  5
93
330
1B
100
AcDbEntity
  8
F.Silkscreen
  6
CONTINUOUS
100
AcDbLine
 10
42.4033329999999964
 20
-93.7931519999999921
 30
0
 11
42.355713999999999
 21
-93.8883900000000011
 31
0
  0
LINE
  5
94
330
1B
100
AcDbEntity
  8
F.Silkscreen
  6
CONTINUOUS
100
AcDbLine
 10
42.355713999999999
 20
-93.8883900000000011
 30
0
 11
42.3080950000000016
 21
-93.9360089999999985
 31
0
  0
LINE
  5
95
330
1B
100
AcDbEntity
  8
F.Silkscreen
  6
CONTINUOUS
100
AcDbLine
 10
42.3080950000000016
 20
-93.9360089999999985
 30
0
 11
42.2128569999999996
 21
-93.983627999999996
 31
0
  0
LINE
  5
96
330
1B
100
AcDbEntity
  8
F.Silkscreen
  6
CONTINUOUS
100
AcDbLine
 10
42.2128569999999996
 20
-93.983627999999996
 30
0
 11
41.831904999999999
 21
-93.983627999999996
 31
0
  0
LINE
  5
97
330
1B
100
AcDbEntity
  8
F.Silkscreen
  6
CONTINUOUS
100
AcDbLine
 10
43.3080950000000016
 20
-93.459818999999996
 30
0
 11
42.831904999999999
 21
-93.459818999999996
 31
0
  0
LINE
  5
98
330
1B
100
AcDbEntity
  8
F.Silkscreen
  6
CONTINUOUS
100
AcDbLine
 10
42.831904999999999
 20
-93.459818999999996
 30
0
 11
42.7842860000000016
 21
-93.9360089999999985
 31
0
  0
LINE
  5
99
330
1B
100
AcDbEntity
  8
F.Silkscreen
  6
CONTINUOUS
100
AcDbLine
 10
42.7842860000000016
 20
-93.9360089999999985
 30
0
 11
42.831904999999999
 21
-93.8883900000000011
 31
0
  0
LINE
  5
9A
330
1B
100
AcDbEntity
  8
F.Silkscreen
  6
CONTINUOUS
100
AcDbLine
 10
42.831904999999999
 20
-93.8883900000000011
 30
0
 11
42.9271430000000009
 21
-93.8407709999999895
 31
0
  0
LINE
  5
9B
330
1B
100
AcDbEntity
  8
F.Silkscreen
  6
CONTINUOUS
100
AcDbLine
 10
42.9271430000000009
 20
-93.8407709999999895
 30
0
 11
43.1652379999999951
 21
-93.8407709999999895
 31
0
  0
LINE
  5
9C
330
1B
100
AcDbEntity
  8
F.Silkscreen
  6
CONTINUOUS
100
AcDbLine
 10
43.1652379999999951
 20
-93.8407709999999895
 30
0
 11
43.260475999999997
 21
-93.8883900000000011
 31
0
  0
LINE
  5
9D
330
1B
100
AcDbEntity
  8
F.Silkscreen
  6
CONTINUOUS
100
AcDbLine
 10
43.260475999999997
 20
-93.8883900000000011
 30
0
 11
43.3080950000000016
 21
-93.9360089999999985
 31
0
  0
LINE
  5
9E
330
1B
100
AcDbEntity
  8
F.Silkscreen
  6
CONTINUOUS
100
AcDbLine
 10
43.3080950000000016
 20
-93.9360089999999985
 30
0
 11
43.355713999999999
 21
-94.0312469999999934
 31
0
  0
LINE
  5
9F
330
1B
100
AcDbEntity
  8
F.Silkscreen
  6
CONTINUOUS
100
AcDbLine
 10
43.355713999999999
 20
-94.0312469999999934
 30
0
 11
43.355713999999999
 21
-94.2693419999999946
 31
0
  0
LINE
  5
A0
330
1B
100
AcDbEntity
  8
F.Silkscreen
  6
CONTINUOUS
100
AcDbLine
 10
43.355713999999999
 20
-94.2693419999999946
 30
0
 11
43.3080950000000016
 21
-94.3645799999999895
 31
0
  0
LINE
  5
A1
330
1B
100
AcDbEntity
  8
F.Silkscreen
  6
CONTINUOUS
100
AcDbLine
 10
43.3080950000000016
 20
-94.3645799999999895
 30
0
 11
43.260475999999997
 21
-94.4121999999999986
 31
0
  0
LINE
  5
A2
330
1B
100
AcDbEntity
  8
F.Silkscreen
  6
CONTINUOUS
100
AcDbLine
 10
43.260475999999997
 20
-94.4121999999999986
 30
0
 11
43.1652379999999951
 21
-94.459818999999996
 31
0
  0
LINE
  5
A3
330
1B
100
AcDbEntity
  8
F.Silkscreen
  6
CONTINUOUS
100
AcDbLine
 10
43.1652379999999951
 20
-94.459818999999996
 30
0
 11
42.9271430000000009
 21
-94.459818999999996
 31
0
  0
LINE
  5
A4
330
1B
100
AcDbEntity
  8
F.Silkscreen
  6
CONTINUOUS
100
AcDbLine
 10
42.9271430000000009
 20
-94.459818999999996
 30
0
 11
42.831904999999999
 21
-94.4121999999999986
 31
0
  0
LINE
  5
A5
330
1B
100
AcDbEntity
  8
F.Silkscreen
  6
CONTINUOUS
100
AcDbLine
 10
42.831904999999999
 20
-94.4121999999999986
 30
0
 11
42.7842860000000016
 21
-94.3645799999999895
 31
0
  0
LINE
  5
A6
330
1B
100
AcDbEntity
  8
F.Silkscreen
  6
CONTINUOUS
100
AcDbLine
 10
45.3366669999999985
 20
-22.6121999999999979
 30
0
 11
45.4795239999999978
 21
-22.6598189999999988
 31
0
  0
LINE
  5
A7
330
1B
100
AcDbEntity
  8
F.Silkscreen
  6
CONTINUOUS
100
AcDbLine
 10
45.4795239999999978
 20
-22.6598189999999988
 30
0
 11
45.7176189999999991
 21
-22.6598189999999988
 31
0
  0
LINE
  5
A8
330
1B
100
AcDbEntity
  8
F.Silkscreen
  6
CONTINUOUS
100
AcDbLine
 10
45.7176189999999991
 20
-22.6598189999999988
 30
0
 11
45.8128570000000011
 21
-22.6121999999999979
 31
0
  0
LINE
  5
A9
330
1B
100
AcDbEntity
  8
F.Silkscreen
  6
CONTINUOUS
100
AcDbLine
 10
45.8128570000000011
 20
-22.6121999999999979
 30
0
 11
45.8604759999999985
 21
-22.5645799999999994
 31
0
  0
LINE
  5
AA
330
1B
100
AcDbEntity
  8
F.Silkscreen
  6
CONTINUOUS
100
AcDbLine
 10
45.8604759999999985
 20
-22.5645799999999994
 30
0
 11
45.9080949999999959
 21
-22.4693419999999975
 31
0
  0
LINE
  5
AB
330
1B
100
AcDbEntity
  8
F.Silkscreen
  6
CONTINUOUS
100
AcDbLine
 10
45.9080949999999959
 20
-22.4693419999999975
 30
0
 11
45.9080949999999959
 21
-22.3741039999999991
 31
0
  0
LINE
  5
AC
330
1B
100
AcDbEntity
  8
F.Silkscreen
  6
CONTINUOUS
100
AcDbLine
 10
45.9080949999999959
 20
-22.3741039999999991
 30
0
 11
45.8604759999999985
 21
-22.2788660000000007
 31
0
  0
LINE
  5
AD
330
1B
100
AcDbEntity
  8
F.Silkscreen
  6
CONTINUOUS
100
AcDbLine
 10
45.8604759999999985
 20
-22.2788660000000007
 30
0
 11
45.8128570000000011
 21
-22.2312469999999998
 31
0
  0
LINE
  5
AE
330
1B
100
AcDbEntity
  8
F.Silkscreen
  6
CONTINUOUS
100
AcDbLine
 10
45.8128570000000011
 20
-22.2312469999999998
 30
0
 11
45.7176189999999991
 21
-22.1836279999999988
 31
0
  0
LINE
  5
AF
330
1B
100
AcDbEntity
  8
F.Silkscreen
  6
CONTINUOUS
100
AcDbLine
 10
45.7176189999999991
 20
-22.1836279999999988
 30
0
 11
45.5271429999999953
 21
-22.1360089999999978
 31
0
  0
LINE
  5
B0
330
1B
100
AcDbEntity
  8
F.Silkscreen
  6
CONTINUOUS
100
AcDbLine
 10
45.5271429999999953
 20
-22.1360089999999978
 30
0
 11
45.4319050000000004
 21
-22.0883900000000004
 31
0
  0
LINE
  5
B1
330
1B
100
AcDbEntity
  8
F.Silkscreen
  6
CONTINUOUS
100
AcDbLine
 10
45.4319050000000004
 20
-22.0883900000000004
 30
0
 11
45.3842859999999959
 21
-22.0407709999999994
 31
0
  0
LINE
  5
B2
330
1B
100
AcDbEntity
  8
F.Silkscreen
  6
CONTINUOUS
100
AcDbLine
 10
45.3842859999999959
 20
-22.0407709999999994
 30
0
 11
45.3366669999999985
 21
-21.9455329999999975
 31
0
  0
LINE
  5
B3
330
1B
100
AcDbEntity
  8
F.Silkscreen
  6
CONTINUOUS
100
AcDbLine
 10
45.3366669999999985
 20
-21.9455329999999975
 30
0
 11
45.3366669999999985
 21
-21.8502949999999991
 31
0
  0
LINE
  5
B4
330
1B
100
AcDbEntity
  8
F.Silkscreen
  6
CONTINUOUS
100
AcDbLine
 10
45.3366669999999985
 20
-21.8502949999999991
 30
0
 11
45.3842859999999959
 21
-21.7550570000000008
 31
0
  0
LINE
  5
B5
330
1B
100
AcDbEntity
  8
F.Silkscreen
  6
CONTINUOUS
100
AcDbLine
 10
45.3842859999999959
 20
-21.7550570000000008
 30
0
 11
45.4319050000000004
 21
-21.7074379999999998
 31
0
  0
LINE
  5
B6
330
1B
100
AcDbEntity
  8
F.Silkscreen
  6
CONTINUOUS
100
AcDbLine
 10
45.4319050000000004
 20
-21.7074379999999998
 30
0
 11
45.5271429999999953
 21
-21.6598189999999988
 31
0
  0
LINE
  5
B7
330
1B
100
AcDbEntity
  8
F.Silkscreen
  6
CONTINUOUS
100
AcDbLine
 10
45.5271429999999953
 20
-21.6598189999999988
 30
0
 11
45.7652379999999965
 21
-21.6598189999999988
 31
0
  0
LINE
  5
B8
330
1B
100
AcDbEntity
  8
F.Silkscreen
  6
CONTINUOUS
100
AcDbLine
 10
45.7652379999999965
 20
-21.6598189999999988
 30
0
 11
45.9080949999999959
 21
-21.7074379999999998
 31
0
  0
LINE
  5
B9
330
1B
100
AcDbEntity
  8
F.Silkscreen
  6
CONTINUOUS
100
AcDbLine
 10
46.2414289999999966
 20
-21.6598189999999988
 30
0
 11
46.4795239999999978
 21
-22.6598189999999988
 31
0
  0
LINE
  5
BA
330
1B
100
AcDbEntity
  8
F.Silkscreen
  6
CONTINUOUS
100
AcDbLine
 10
46.4795239999999978
 20
-22.6598189999999988
 30
0
 11
46.6699999999999946
 21
-21.9455329999999975
 31
0
  0
LINE
  5
BB
330
1B
100
AcDbEntity
  8
F.Silkscreen
  6
CONTINUOUS
100
AcDbLine
 10
46.6699999999999946
 20
-21.9455329999999975
 30
0
 11
46.8604759999999985
 21
-22.6598189999999988
 31
0
  0
LINE
  5
BC
330
1B
100
AcDbEntity
  8
F.Silkscreen
  6
CONTINUOUS
100
AcDbLine
 10
46.8604759999999985
 20
-22.6598189999999988
 30
0
 11
47.0985719999999972
 21
-21.6598189999999988
 31
0
  0
LINE
  5
BD
330
1B
100
AcDbEntity
  8
F.Silkscreen
  6
CONTINUOUS
100
AcDbLine
 10
48.0033329999999978
 20
-22.6598189999999988
 30
0
 11
47.4319050000000004
 21
-22.6598189999999988
 31
0
  0
LINE
  5
BE
330
1B
100
AcDbEntity
  8
F.Silkscreen
  6
CONTINUOUS
100
AcDbLine
 10
47.7176189999999991
 20
-22.6598189999999988
 30
0
 11
47.7176189999999991
 21
-21.6598189999999988
 31
0
  0
LINE
  5
BF
330
1B
100
AcDbEntity
  8
F.Silkscreen
  6
CONTINUOUS
100
AcDbLine
 10
47.7176189999999991
 20
-21.6598189999999988
 30
0
 11
47.6223809999999972
 21
-21.8026759999999982
 31
0
  0
LINE
  5
C0
330
1B
100
AcDbEntity
  8
F.Silkscreen
  6
CONTINUOUS
100
AcDbLine
 10
47.6223809999999972
 20
-21.8026759999999982
 30
0
 11
47.5271429999999953
 21
-21.8979140000000001
 31
0
  0
LINE
  5
C1
330
1B
100
AcDbEntity
  8
F.Silkscreen
  6
CONTINUOUS
100
AcDbLine
 10
47.5271429999999953
 20
-21.8979140000000001
 30
0
 11
47.4319050000000004
 21
-21.9455329999999975
 31
0
  0
LINE
  5
C2
330
1B
100
AcDbEntity
  8
F.Silkscreen
  6
CONTINUOUS
100
AcDbLine
 10
47.1319049999999962
 20
-85.9098189999999988
 30
0
 11
47.1319049999999962
 21
-84.9098189999999988
 31
0
  0
LINE
  5
C3
330
1B
100
AcDbEntity
  8
F.Silkscreen
  6
CONTINUOUS
100
AcDbLine
 10
47.1319049999999962
 20
-84.9098189999999988
 30
0
 11
47.3699999999999974
 21
-84.9098189999999988
 31
0
  0
LINE
  5
C4
330
1B
100
AcDbEntity
  8
F.Silkscreen
  6
CONTINUOUS
100
AcDbLine
 10
47.3699999999999974
 20
-84.9098189999999988
 30
0
 11
47.5128569999999968
 21
-84.9574379999999962
 31
0
  0
LINE
  5
C5
330
1B
100
AcDbEntity
  8
F.Silkscreen
  6
CONTINUOUS
100
AcDbLine
 10
47.5128569999999968
 20
-84.9574379999999962
 30
0
 11
47.6080949999999987
 21
-85.0526759999999911
 31
0
  0
LINE
  5
C6
330
1B
100
AcDbEntity
  8
F.Silkscreen
  6
CONTINUOUS
100
AcDbLine
 10
47.6080949999999987
 20
-85.0526759999999911
 30
0
 11
47.6557139999999961
 21
-85.1479140000000001
 31
0
  0
LINE
  5
C7
330
1B
100
AcDbEntity
  8
F.Silkscreen
  6
CONTINUOUS
100
AcDbLine
 10
47.6557139999999961
 20
-85.1479140000000001
 30
0
 11
47.7033330000000007
 21
-85.3383899999999898
 31
0
  0
LINE
  5
C8
330
1B
100
AcDbEntity
  8
F.Silkscreen
  6
CONTINUOUS
100
AcDbLine
 10
47.7033330000000007
 20
-85.3383899999999898
 30
0
 11
47.7033330000000007
 21
-85.4812469999999962
 31
0
  0
LINE
  5
C9
330
1B
100
AcDbEntity
  8
F.Silkscreen
  6
CONTINUOUS
100
AcDbLine
 10
47.7033330000000007
 20
-85.4812469999999962
 30
0
 11
47.6557139999999961
 21
-85.6717230000000001
 31
0
  0
LINE
  5
CA
330
1B
100
AcDbEntity
  8
F.Silkscreen
  6
CONTINUOUS
100
AcDbLine
 10
47.6557139999999961
 20
-85.6717230000000001
 30
0
 11
47.6080949999999987
 21
-85.7669609999999949
 31
0
  0
LINE
  5
CB
330
1B
100
AcDbEntity
  8
F.Silkscreen
  6
CONTINUOUS
100
AcDbLine
 10
47.6080949999999987
 20
-85.7669609999999949
 30
0
 11
47.5128569999999968
 21
-85.8622000000000014
 31
0
  0
LINE
  5
CC
330
1B
100
AcDbEntity
  8
F.Silkscreen
  6
CONTINUOUS
100
AcDbLine
 10
47.5128569999999968
 20
-85.8622000000000014
 30
0
 11
47.3699999999999974
 21
-85.9098189999999988
 31
0
  0
LINE
  5
CD
330
1B
100
AcDbEntity
  8
F.Silkscreen
  6
CONTINUOUS
100
AcDbLine
 10
47.3699999999999974
 20
-85.9098189999999988
 30
0
 11
47.1319049999999962
 21
-85.9098189999999988
 31
0
  0
LINE
  5
CE
330
1B
100
AcDbEntity
  8
F.Silkscreen
  6
CONTINUOUS
100
AcDbLine
 10
48.5604760000000013
 20
-85.2431519999999949
 30
0
 11
48.5604760000000013
 21
-85.9098189999999988
 31
0
  0
LINE
  5
CF
330
1B
100
AcDbEntity
  8
F.Silkscreen
  6
CONTINUOUS
100
AcDbLine
 10
48.322381
 20
-84.8622000000000014
 30
0
 11
48.0842859999999988
 21
-85.576484999999991
 31
0
  0
LINE
  5
D0
330
1B
100
AcDbEntity
  8
F.Silkscreen
  6
CONTINUOUS
100
AcDbLine
 10
48.0842859999999988
 20
-85.576484999999991
 30
0
 11
48.7033330000000007
 21
-85.576484999999991
 31
0
  0
LINE
  5
D1
330
1B
100
AcDbEntity
  8
F.Silkscreen
  6
CONTINUOUS
100
AcDbLine
 10
54.9033329999999964
 20
-94.459818999999996
 30
0
 11
54.5700000000000003
 21
-93.983627999999996
 31
0
  0
LINE
  5
D2
330
1B
100
AcDbEntity
  8
F.Silkscreen
  6
CONTINUOUS
100
AcDbLine
 10
54.331904999999999
 20
-94.459818999999996
 30
0
 11
54.331904999999999
 21
-93.459818999999996
 31
0
  0
LINE
  5
D3
330
1B
100
AcDbEntity
  8
F.Silkscreen
  6
CONTINUOUS
100
AcDbLine
 10
54.331904999999999
 20
-93.459818999999996
 30
0
 11
54.7128569999999996
 21
-93.459818999999996
 31
0
  0
LINE
  5
D4
330
1B
100
AcDbEntity
  8
F.Silkscreen
  6
CONTINUOUS
100
AcDbLine
 10
54.7128569999999996
 20
-93.459818999999996
 30
0
 11
54.8080949999999945
 21
-93.5074379999999934
 31
0
  0
LINE
  5
D5
330
1B
100
AcDbEntity
  8
F.Silkscreen
  6
CONTINUOUS
100
AcDbLine
 10
54.8080949999999945
 20
-93.5074379999999934
 30
0
 11
54.855713999999999
 21
-93.5550569999999908
 31
0
  0
LINE
  5
D6
330
1B
100
AcDbEntity
  8
F.Silkscreen
  6
CONTINUOUS
100
AcDbLine
 10
54.855713999999999
 20
-93.5550569999999908
 30
0
 11
54.9033329999999964
 21
-93.6502949999999998
 31
0
  0
LINE
  5
D7
330
1B
100
AcDbEntity
  8
F.Silkscreen
  6
CONTINUOUS
100
AcDbLine
 10
54.9033329999999964
 20
-93.6502949999999998
 30
0
 11
54.9033329999999964
 21
-93.7931519999999921
 31
0
  0
LINE
  5
D8
330
1B
100
AcDbEntity
  8
F.Silkscreen
  6
CONTINUOUS
100
AcDbLine
 10
54.9033329999999964
 20
-93.7931519999999921
 30
0
 11
54.855713999999999
 21
-93.8883900000000011
 31
0
  0
LINE
  5
D9
330
1B
100
AcDbEntity
  8
F.Silkscreen
  6
CONTINUOUS
100
AcDbLine
 10
54.855713999999999
 20
-93.8883900000000011
 30
0
 11
54.8080949999999945
 21
-93.9360089999999985
 31
0
  0
LINE
  5
DA
330
1B
100
AcDbEntity
  8
F.Silkscreen
  6
CONTINUOUS
100
AcDbLine
 10
54.8080949999999945
 20
-93.9360089999999985
 30
0
 11
54.7128569999999996
 21
-93.983627999999996
 31
0
  0
LINE
  5
DB
330
1B
100
AcDbEntity
  8
F.Silkscreen
  6
CONTINUOUS
100
AcDbLine
 10
54.7128569999999996
 20
-93.983627999999996
 30
0
 11
54.331904999999999
 21
-93.983627999999996
 31
0
  0
LINE
  5
DC
330
1B
100
AcDbEntity
  8
F.Silkscreen
  6
CONTINUOUS
100
AcDbLine
 10
55.760475999999997
 20
-93.459818999999996
 30
0
 11
55.5700000000000003
 21
-93.459818999999996
 31
0
  0
LINE
  5
DD
330
1B
100
AcDbEntity
  8
F.Silkscreen
  6
CONTINUOUS
100
AcDbLine
 10
55.5700000000000003
 20
-93.459818999999996
 30
0
 11
55.4747619999999984
 21
-93.5074379999999934
 31
0
  0
LINE
  5
DE
330
1B
100
AcDbEntity
  8
F.Silkscreen
  6
CONTINUOUS
100
AcDbLine
 10
55.4747619999999984
 20
-93.5074379999999934
 30
0
 11
55.4271430000000009
 21
-93.5550569999999908
 31
0
  0
LINE
  5
DF
330
1B
100
AcDbEntity
  8
F.Silkscreen
  6
CONTINUOUS
100
AcDbLine
 10
55.4271430000000009
 20
-93.5550569999999908
 30
0
 11
55.331904999999999
 21
-93.6979139999999973
 31
0
  0
LINE
  5
E0
330
1B
100
AcDbEntity
  8
F.Silkscreen
  6
CONTINUOUS
100
AcDbLine
 10
55.331904999999999
 20
-93.6979139999999973
 30
0
 11
55.2842859999999945
 21
-93.8883900000000011
 31
0
  0
LINE
  5
E1
330
1B
100
AcDbEntity
  8
F.Silkscreen
  6
CONTINUOUS
100
AcDbLine
 10
55.2842859999999945
 20
-93.8883900000000011
 30
0
 11
55.2842859999999945
 21
-94.2693419999999946
 31
0
  0
LINE
  5
E2
330
1B
100
AcDbEntity
  8
F.Silkscreen
  6
CONTINUOUS
100
AcDbLine
 10
55.2842859999999945
 20
-94.2693419999999946
 30
0
 11
55.331904999999999
 21
-94.3645799999999895
 31
0
  0
LINE
  5
E3
330
1B
100
AcDbEntity
  8
F.Silkscreen
  6
CONTINUOUS
100
AcDbLine
 10
55.331904999999999
 20
-94.3645799999999895
 30
0
 11
55.3795239999999964
 21
-94.4121999999999986
 31
0
  0
LINE
  5
E4
330
1B
100
AcDbEntity
  8
F.Silkscreen
  6
CONTINUOUS
100
AcDbLine
 10
55.3795239999999964
 20
-94.4121999999999986
 30
0
 11
55.4747619999999984
 21
-94.459818999999996
 31
0
  0
LINE
  5
E5
330
1B
100
AcDbEntity
  8
F.Silkscreen
  6
CONTINUOUS
100
AcDbLine
 10
55.4747619999999984
 20
-94.459818999999996
 30
0
 11
55.6652379999999951
 21
-94.459818999999996
 31
0
  0
LINE
  5
E6
330
1B
100
AcDbEntity
  8
F.Silkscreen
  6
CONTINUOUS
100
AcDbLine
 10
55.6652379999999951
 20
-94.459818999999996
 30
0
 11
55.760475999999997
 21
-94.4121999999999986
 31
0
  0
LINE
  5
E7
330
1B
100
AcDbEntity
  8
F.Silkscreen
  6
CONTINUOUS
100
AcDbLine
 10
55.760475999999997
 20
-94.4121999999999986
 30
0
 11
55.8080949999999945
 21
-94.3645799999999895
 31
0
  0
LINE
  5
E8
330
1B
100
AcDbEntity
  8
F.Silkscreen
  6
CONTINUOUS
100
AcDbLine
 10
55.8080949999999945
 20
-94.3645799999999895
 30
0
 11
55.855713999999999
 21
-94.2693419999999946
 31
0
  0
LINE
  5
E9
330
1B
100
AcDbEntity
  8
F.Silkscreen
  6
CONTINUOUS
100
AcDbLine
 10
55.855713999999999
 20
-94.2693419999999946
 30
0
 11
55.855713999999999
 21
-94.0312469999999934
 31
0
  0
LINE
  5
EA
330
1B
100
AcDbEntity
  8
F.Silkscreen
  6
CONTINUOUS
100
AcDbLine
 10
55.855713999999999
 20
-94.0312469999999934
 30
0
 11
55.8080949999999945
 21
-93.9360089999999985
 31
0
  0
LINE
  5
EB
330
1B
100
AcDbEntity
  8
F.Silkscreen
  6
CONTINUOUS
100
AcDbLine
 10
55.8080949999999945
 20
-93.9360089999999985
 30
0
 11
55.760475999999997
 21
-93.8883900000000011
 31
0
  0
LINE
  5
EC
330
1B
100
AcDbEntity
  8
F.Silkscreen
  6
CONTINUOUS
100
AcDbLine
 10
55.760475999999997
 20
-93.8883900000000011
 30
0
 11
55.6652379999999951
 21
-93.8407709999999895
 31
0
  0
LINE
  5
ED
330
1B
100
AcDbEntity
  8
F.Silkscreen
  6
CONTINUOUS
100
AcDbLine
 10
55.6652379999999951
 20
-93.8407709999999895
 30
0
 11
55.4747619999999984
 21
-93.8407709999999895
 31
0
  0
LINE
  5
EE
330
1B
100
AcDbEntity
  8
F.Silkscreen
  6
CONTINUOUS
100
AcDbLine
 10
55.4747619999999984
 20
-93.8407709999999895
 30
0
 11
55.3795239999999964
 21
-93.8883900000000011
 31
0
  0
LINE
  5
EF
330
1B
100
AcDbEntity
  8
F.Silkscreen
  6
CONTINUOUS
100
AcDbLine
 10
55.3795239999999964
 20
-93.8883900000000011
 30
0
 11
55.331904999999999
 21
-93.9360089999999985
 31
0
  0
LINE
  5
F0
330
1B
100
AcDbEntity
  8
F.Silkscreen
  6
CONTINUOUS
100
AcDbLine
 10
55.331904999999999
 20
-93.9360089999999985
 30
0
 11
55.2842859999999945
 21
-94.0312469999999934
 31
0
  0
LINE
  5
F1
330
1B
100
AcDbEntity
  8
F.Silkscreen
  6
CONTINUOUS
100
AcDbLine
 10
58.4033329999999964
 20
-40.5645799999999994
 30
0
 11
58.355713999999999
 21
-40.6122000000000014
 31
0
  0
LINE
  5
F2
330
1B
100
AcDbEntity
  8
F.Silkscreen
  6
CONTINUOUS
100
AcDbLine
 10
58.355713999999999
 20
-40.6122000000000014
 30
0
 11
58.2128569999999996
 21
-40.6598189999999988
 31
0
  0
LINE
  5
F3
330
1B
100
AcDbEntity
  8
F.Silkscreen
  6
CONTINUOUS
100
AcDbLine
 10
58.2128569999999996
 20
-40.6598189999999988
 30
0
 11
58.1176189999999977
 21
-40.6598189999999988
 31
0
  0
LINE
  5
F4
330
1B
100
AcDbEntity
  8
F.Silkscreen
  6
CONTINUOUS
100
AcDbLine
 10
58.1176189999999977
 20
-40.6598189999999988
 30
0
 11
57.9747619999999984
 21
-40.6122000000000014
 31
0
  0
LINE
  5
F5
330
1B
100
AcDbEntity
  8
F.Silkscreen
  6
CONTINUOUS
100
AcDbLine
 10
57.9747619999999984
 20
-40.6122000000000014
 30
0
 11
57.8795239999999964
 21
-40.5169609999999949
 31
0
  0
LINE
  5
F6
330
1B
100
AcDbEntity
  8
F.Silkscreen
  6
CONTINUOUS
100
AcDbLine
 10
57.8795239999999964
 20
-40.5169609999999949
 30
0
 11
57.831904999999999
 21
-40.4217230000000001
 31
0
  0
LINE
  5
F7
330
1B
100
AcDbEntity
  8
F.Silkscreen
  6
CONTINUOUS
100
AcDbLine
 10
57.831904999999999
 20
-40.4217230000000001
 30
0
 11
57.7842859999999945
 21
-40.2312469999999962
 31
0
  0
LINE
  5
F8
330
1B
100
AcDbEntity
  8
F.Silkscreen
  6
CONTINUOUS
100
AcDbLine
 10
57.7842859999999945
 20
-40.2312469999999962
 30
0
 11
57.7842859999999945
 21
-40.0883899999999969
 31
0
  0
LINE
  5
F9
330
1B
100
AcDbEntity
  8
F.Silkscreen
  6
CONTINUOUS
100
AcDbLine
 10
57.7842859999999945
 20
-40.0883899999999969
 30
0
 11
57.831904999999999
 21
-39.8979140000000001
 31
0
  0
LINE
  5
FA
330
1B
100
AcDbEntity
  8
F.Silkscreen
  6
CONTINUOUS
100
AcDbLine
 10
57.831904999999999
 20
-39.8979140000000001
 30
0
 11
57.8795239999999964
 21
-39.8026759999999982
 31
0
  0
LINE
  5
FB
330
1B
100
AcDbEntity
  8
F.Silkscreen
  6
CONTINUOUS
100
AcDbLine
 10
57.8795239999999964
 20
-39.8026759999999982
 30
0
 11
57.9747619999999984
 21
-39.7074379999999962
 31
0
  0
LINE
  5
FC
330
1B
100
AcDbEntity
  8
F.Silkscreen
  6
CONTINUOUS
100
AcDbLine
 10
57.9747619999999984
 20
-39.7074379999999962
 30
0
 11
58.1176189999999977
 21
-39.6598189999999988
 31
0
  0
LINE
  5
FD
330
1B
100
AcDbEntity
  8
F.Silkscreen
  6
CONTINUOUS
100
AcDbLine
 10
58.1176189999999977
 20
-39.6598189999999988
 30
0
 11
58.2128569999999996
 21
-39.6598189999999988
 31
0
  0
LINE
  5
FE
330
1B
100
AcDbEntity
  8
F.Silkscreen
  6
CONTINUOUS
100
AcDbLine
 10
58.2128569999999996
 20
-39.6598189999999988
 30
0
 11
58.355713999999999
 21
-39.7074379999999962
 31
0
  0
LINE
  5
FF
330
1B
100
AcDbEntity
  8
F.Silkscreen
  6
CONTINUOUS
100
AcDbLine
 10
58.355713999999999
 20
-39.7074379999999962
 30
0
 11
58.4033329999999964
 21
-39.7550570000000008
 31
0
  0
LINE
  5
100
330
1B
100
AcDbEntity
  8
F.Silkscreen
  6
CONTINUOUS
100
AcDbLine
 10
59.3080949999999945
 20
-39.6598189999999988
 30
0
 11
58.831904999999999
 21
-39.6598189999999988
 31
0
  0
LINE
  5
101
330
1B
100
AcDbEntity
  8
F.Silkscreen
  6
CONTINUOUS
100
AcDbLine
 10
58.831904999999999
 20
-39.6598189999999988
 30
0
 11
58.7842859999999945
 21
-40.1360090000000014
 31
0
  0
LINE
  5
102
330
1B
100
AcDbEntity
  8
F.Silkscreen
  6
CONTINUOUS
100
AcDbLine
 10
58.7842859999999945
 20
-40.1360090000000014
 30
0
 11
58.831904999999999
 21
-40.0883899999999969
 31
0
  0
LINE
  5
103
330
1B
100
AcDbEntity
  8
F.Silkscreen
  6
CONTINUOUS
100
AcDbLine
 10
58.831904999999999
 20
-40.0883899999999969
 30
0
 11
58.9271429999999938
 21
-40.0407709999999994
 31
0
  0
LINE
  5
104
330
1B
100
AcDbEntity
  8
F.Silkscreen
  6
CONTINUOUS
100
AcDbLine
 10
58.9271429999999938
 20
-40.0407709999999994
 30
0
 11
59.1652379999999951
 21
-40.0407709999999994
 31
0
  0
LINE
  5
105
330
1B
100
AcDbEntity
  8
F.Silkscreen
  6
CONTINUOUS
100
AcDbLine
 10
59.1652379999999951
 20
-40.0407709999999994
 30
0
 11
59.260475999999997
 21
-40.0883899999999969
 31
0
  0
LINE
  5
106
330
1B
100
AcDbEntity
  8
F.Silkscreen
  6
CONTINUOUS
100
AcDbLine
 10
59.260475999999997
 20
-40.0883899999999969
 30
0
 11
59.3080949999999945
 21
-40.1360090000000014
 31
0
  0
LINE
  5
107
330
1B
100
AcDbEntity
  8
F.Silkscreen
  6
CONTINUOUS
100
AcDbLine
 10
59.3080949999999945
 20
-40.1360090000000014
 30
0
 11
59.355713999999999
 21
-40.2312469999999962
 31
0
  0
LINE
  5
108
330
1B
100
AcDbEntity
  8
F.Silkscreen
  6
CONTINUOUS
100
AcDbLine
 10
59.355713999999999
 20
-40.2312469999999962
 30
0
 11
59.355713999999999
 21
-40.4693419999999975
 31
0
  0
LINE
  5
109
330
1B
100
AcDbEntity
  8
F.Silkscreen
  6
CONTINUOUS
100
AcDbLine
 10
59.355713999999999
 20
-40.4693419999999975
 30
0
 11
59.3080949999999945
 21
-40.5645799999999994
 31
0
  0
LINE
  5
10A
330
1B
100
AcDbEntity
  8
F.Silkscreen
  6
CONTINUOUS
100
AcDbLine
 10
59.3080949999999945
 20
-40.5645799999999994
 30
0
 11
59.260475999999997
 21
-40.6122000000000014
 31
0
  0
LINE
  5
10B
330
1B
100
AcDbEntity
  8
F.Silkscreen
  6
CONTINUOUS
100
AcDbLine
 10
59.260475999999997
 20
-40.6122000000000014
 30
0
 11
59.1652379999999951
 21
-40.6598189999999988
 31
0
  0
LINE
  5
10C
330
1B
100
AcDbEntity
  8
F.Silkscreen
  6
CONTINUOUS
100
AcDbLine
 10
59.1652379999999951
 20
-40.6598189999999988
 30
0
 11
58.9271429999999938
 21
-40.6598189999999988
 31
0
  0
LINE
  5
10D
330
1B
100
AcDbEntity
  8
F.Silkscreen
  6
CONTINUOUS
100
AcDbLine
 10
58.9271429999999938
 20
-40.6598189999999988
 30
0
 11
58.831904999999999
 21
-40.6122000000000014
 31
0
  0
LINE
  5
10E
330
1B
100
AcDbEntity
  8
F.Silkscreen
  6
CONTINUOUS
100
AcDbLine
 10
58.831904999999999
 20
-40.6122000000000014
 30
0
 11
58.7842859999999945
 21
-40.5645799999999994
 31
0
  0
LINE
  5
10F
330
1B
100
AcDbEntity
  8
F.Silkscreen
  6
CONTINUOUS
100
AcDbLine
 10
60.0032840000000007
 20
-63.8145799999999994
 30
0
 11
59.9556649999999962
 21
-63.8621999999999943
 31
0
  0
LINE
  5
110
330
1B
100
AcDbEntity
  8
F.Silkscreen
  6
CONTINUOUS
100
AcDbLine
 10
59.9556649999999962
 20
-63.8621999999999943
 30
0
 11
59.8128079999999969
 21
-63.9098189999999988
 31
0
  0
LINE
  5
111
330
1B
100
AcDbEntity
  8
F.Silkscreen
  6
CONTINUOUS
100
AcDbLine
 10
59.8128079999999969
 20
-63.9098189999999988
 30
0
 11
59.7175699999999949
 21
-63.9098189999999988
 31
0
  0
LINE
  5
112
330
1B
100
AcDbEntity
  8
F.Silkscreen
  6
CONTINUOUS
100
AcDbLine
 10
59.7175699999999949
 20
-63.9098189999999988
 30
0
 11
59.5747129999999956
 21
-63.8621999999999943
 31
0
  0
LINE
  5
113
330
1B
100
AcDbEntity
  8
F.Silkscreen
  6
CONTINUOUS
100
AcDbLine
 10
59.5747129999999956
 20
-63.8621999999999943
 30
0
 11
59.4794750000000008
 21
-63.7669609999999949
 31
0
  0
LINE
  5
114
330
1B
100
AcDbEntity
  8
F.Silkscreen
  6
CONTINUOUS
100
AcDbLine
 10
59.4794750000000008
 20
-63.7669609999999949
 30
0
 11
59.4318559999999962
 21
-63.6717230000000001
 31
0
  0
LINE
  5
115
330
1B
100
AcDbEntity
  8
F.Silkscreen
  6
CONTINUOUS
100
AcDbLine
 10
59.4318559999999962
 20
-63.6717230000000001
 30
0
 11
59.3842369999999988
 21
-63.4812469999999962
 31
0
  0
LINE
  5
116
330
1B
100
AcDbEntity
  8
F.Silkscreen
  6
CONTINUOUS
100
AcDbLine
 10
59.3842369999999988
 20
-63.4812469999999962
 30
0
 11
59.3842369999999988
 21
-63.3383899999999969
 31
0
  0
LINE
  5
117
330
1B
100
AcDbEntity
  8
F.Silkscreen
  6
CONTINUOUS
100
AcDbLine
 10
59.3842369999999988
 20
-63.3383899999999969
 30
0
 11
59.4318559999999962
 21
-63.1479140000000001
 31
0
  0
LINE
  5
118
330
1B
100
AcDbEntity
  8
F.Silkscreen
  6
CONTINUOUS
100
AcDbLine
 10
59.4318559999999962
 20
-63.1479140000000001
 30
0
 11
59.4794750000000008
 21
-63.0526759999999982
 31
0
  0
LINE
  5
119
330
1B
100
AcDbEntity
  8
F.Silkscreen
  6
CONTINUOUS
100
AcDbLine
 10
59.4794750000000008
 20
-63.0526759999999982
 30
0
 11
59.5747129999999956
 21
-62.9574379999999962
 31
0
  0
LINE
  5
11A
330
1B
100
AcDbEntity
  8
F.Silkscreen
  6
CONTINUOUS
100
AcDbLine
 10
59.5747129999999956
 20
-62.9574379999999962
 30
0
 11
59.7175699999999949
 21
-62.9098189999999988
 31
0
  0
LINE
  5
11B
330
1B
100
AcDbEntity
  8
F.Silkscreen
  6
CONTINUOUS
100
AcDbLine
 10
59.7175699999999949
 20
-62.9098189999999988
 30
0
 11
59.8128079999999969
 21
-62.9098189999999988
 31
0
  0
LINE
  5
11C
330
1B
100
AcDbEntity
  8
F.Silkscreen
  6
CONTINUOUS
100
AcDbLine
 10
59.8128079999999969
 20
-62.9098189999999988
 30
0
 11
59.9556649999999962
 21
-62.9574379999999962
 31
0
  0
LINE
  5
11D
330
1B
100
AcDbEntity
  8
F.Silkscreen
  6
CONTINUOUS
100
AcDbLine
 10
59.9556649999999962
 20
-62.9574379999999962
 30
0
 11
60.0032840000000007
 21
-63.0050569999999936
 31
0
  0
LINE
  5
11E
330
1B
100
AcDbEntity
  8
F.Silkscreen
  6
CONTINUOUS
100
AcDbLine
 10
60.9556649999999962
 20
-63.9098189999999988
 30
0
 11
60.3842369999999988
 21
-63.9098189999999988
 31
0
  0
LINE
  5
11F
330
1B
100
AcDbEntity
  8
F.Silkscreen
  6
CONTINUOUS
100
AcDbLine
 10
60.6699509999999975
 20
-63.9098189999999988
 30
0
 11
60.6699509999999975
 21
-62.9098189999999988
 31
0
  0
LINE
  5
120
330
1B
100
AcDbEntity
  8
F.Silkscreen
  6
CONTINUOUS
100
AcDbLine
 10
60.6699509999999975
 20
-62.9098189999999988
 30
0
 11
60.5747129999999956
 21
-63.0526759999999982
 31
0
  0
LINE
  5
121
330
1B
100
AcDbEntity
  8
F.Silkscreen
  6
CONTINUOUS
100
AcDbLine
 10
60.5747129999999956
 20
-63.0526759999999982
 30
0
 11
60.4794750000000008
 21
-63.1479140000000001
 31
0
  0
LINE
  5
122
330
1B
100
AcDbEntity
  8
F.Silkscreen
  6
CONTINUOUS
100
AcDbLine
 10
60.4794750000000008
 20
-63.1479140000000001
 30
0
 11
60.3842369999999988
 21
-63.1955329999999975
 31
0
  0
LINE
  5
123
330
1B
100
AcDbEntity
  8
F.Silkscreen
  6
CONTINUOUS
100
AcDbLine
 10
60.5033329999999978
 20
-77.2598189999999931
 30
0
 11
60.1699999999999946
 21
-76.7836279999999931
 31
0
  0
LINE
  5
124
330
1B
100
AcDbEntity
  8
F.Silkscreen
  6
CONTINUOUS
100
AcDbLine
 10
59.9319050000000004
 20
-77.2598189999999931
 30
0
 11
59.9319050000000004
 21
-76.2598189999999931
 31
0
  0
LINE
  5
125
330
1B
100
AcDbEntity
  8
F.Silkscreen
  6
CONTINUOUS
100
AcDbLine
 10
59.9319050000000004
 20
-76.2598189999999931
 30
0
 11
60.3128569999999939
 21
-76.2598189999999931
 31
0
  0
LINE
  5
126
330
1B
100
AcDbEntity
  8
F.Silkscreen
  6
CONTINUOUS
100
AcDbLine
 10
60.3128569999999939
 20
-76.2598189999999931
 30
0
 11
60.4080949999999959
 21
-76.3074379999999906
 31
0
  0
LINE
  5
127
330
1B
100
AcDbEntity
  8
F.Silkscreen
  6
CONTINUOUS
100
AcDbLine
 10
60.4080949999999959
 20
-76.3074379999999906
 30
0
 11
60.4557140000000004
 21
-76.3550570000000022
 31
0
  0
LINE
  5
128
330
1B
100
AcDbEntity
  8
F.Silkscreen
  6
CONTINUOUS
100
AcDbLine
 10
60.4557140000000004
 20
-76.3550570000000022
 30
0
 11
60.5033329999999978
 21
-76.450294999999997
 31
0
  0
LINE
  5
129
330
1B
100
AcDbEntity
  8
F.Silkscreen
  6
CONTINUOUS
100
AcDbLine
 10
60.5033329999999978
 20
-76.450294999999997
 30
0
 11
60.5033329999999978
 21
-76.5931520000000035
 31
0
  0
LINE
  5
12A
330
1B
100
AcDbEntity
  8
F.Silkscreen
  6
CONTINUOUS
100
AcDbLine
 10
60.5033329999999978
 20
-76.5931520000000035
 30
0
 11
60.4557140000000004
 21
-76.6883899999999983
 31
0
  0
LINE
  5
12B
330
1B
100
AcDbEntity
  8
F.Silkscreen
  6
CONTINUOUS
100
AcDbLine
 10
60.4557140000000004
 20
-76.6883899999999983
 30
0
 11
60.4080949999999959
 21
-76.7360089999999957
 31
0
  0
LINE
  5
12C
330
1B
100
AcDbEntity
  8
F.Silkscreen
  6
CONTINUOUS
100
AcDbLine
 10
60.4080949999999959
 20
-76.7360089999999957
 30
0
 11
60.3128569999999939
 21
-76.7836279999999931
 31
0
  0
LINE
  5
12D
330
1B
100
AcDbEntity
  8
F.Silkscreen
  6
CONTINUOUS
100
AcDbLine
 10
60.3128569999999939
 20
-76.7836279999999931
 30
0
 11
59.9319050000000004
 21
-76.7836279999999931
 31
0
  0
LINE
  5
12E
330
1B
100
AcDbEntity
  8
F.Silkscreen
  6
CONTINUOUS
100
AcDbLine
 10
60.8366669999999985
 20
-76.2598189999999931
 30
0
 11
61.5033329999999978
 21
-76.2598189999999931
 31
0
  0
LINE
  5
12F
330
1B
100
AcDbEntity
  8
F.Silkscreen
  6
CONTINUOUS
100
AcDbLine
 10
61.5033329999999978
 20
-76.2598189999999931
 30
0
 11
61.0747619999999998
 21
-77.2598189999999931
 31
0
  0
LINE
  5
130
330
1B
100
AcDbEntity
  8
F.Silkscreen
  6
CONTINUOUS
100
AcDbLine
 10
61.6366669999999957
 20
-22.6621999999999986
 30
0
 11
61.779523999999995
 21
-22.7098189999999995
 31
0
  0
LINE
  5
131
330
1B
100
AcDbEntity
  8
F.Silkscreen
  6
CONTINUOUS
100
AcDbLine
 10
61.779523999999995
 20
-22.7098189999999995
 30
0
 11
62.0176189999999963
 21
-22.7098189999999995
 31
0
  0
LINE
  5
132
330
1B
100
AcDbEntity
  8
F.Silkscreen
  6
CONTINUOUS
100
AcDbLine
 10
62.0176189999999963
 20
-22.7098189999999995
 30
0
 11
62.1128569999999982
 21
-22.6621999999999986
 31
0
  0
LINE
  5
133
330
1B
100
AcDbEntity
  8
F.Silkscreen
  6
CONTINUOUS
100
AcDbLine
 10
62.1128569999999982
 20
-22.6621999999999986
 30
0
 11
62.1604759999999956
 21
-22.6145800000000001
 31
0
  0
LINE
  5
134
330
1B
100
AcDbEntity
  8
F.Silkscreen
  6
CONTINUOUS
100
AcDbLine
 10
62.1604759999999956
 20
-22.6145800000000001
 30
0
 11
62.2080950000000001
 21
-22.5193419999999982
 31
0
  0
LINE
  5
135
330
1B
100
AcDbEntity
  8
F.Silkscreen
  6
CONTINUOUS
100
AcDbLine
 10
62.2080950000000001
 20
-22.5193419999999982
 30
0
 11
62.2080950000000001
 21
-22.4241039999999998
 31
0
  0
LINE
  5
136
330
1B
100
AcDbEntity
  8
F.Silkscreen
  6
CONTINUOUS
100
AcDbLine
 10
62.2080950000000001
 20
-22.4241039999999998
 30
0
 11
62.1604759999999956
 21
-22.3288659999999979
 31
0
  0
LINE
  5
137
330
1B
100
AcDbEntity
  8
F.Silkscreen
  6
CONTINUOUS
100
AcDbLine
 10
62.1604759999999956
 20
-22.3288659999999979
 30
0
 11
62.1128569999999982
 21
-22.2812470000000005
 31
0
  0
LINE
  5
138
330
1B
100
AcDbEntity
  8
F.Silkscreen
  6
CONTINUOUS
100
AcDbLine
 10
62.1128569999999982
 20
-22.2812470000000005
 30
0
 11
62.0176189999999963
 21
-22.2336279999999995
 31
0
  0
LINE
  5
139
330
1B
100
AcDbEntity
  8
F.Silkscreen
  6
CONTINUOUS
100
AcDbLine
 10
62.0176189999999963
 20
-22.2336279999999995
 30
0
 11
61.8271429999999995
 21
-22.1860089999999985
 31
0
  0
LINE
  5
13A
330
1B
100
AcDbEntity
  8
F.Silkscreen
  6
CONTINUOUS
100
AcDbLine
 10
61.8271429999999995
 20
-22.1860089999999985
 30
0
 11
61.7319049999999976
 21
-22.1383899999999976
 31
0
  0
LINE
  5
13B
330
1B
100
AcDbEntity
  8
F.Silkscreen
  6
CONTINUOUS
100
AcDbLine
 10
61.7319049999999976
 20
-22.1383899999999976
 30
0
 11
61.6842860000000002
 21
-22.0907710000000002
 31
0
  0
LINE
  5
13C
330
1B
100
AcDbEntity
  8
F.Silkscreen
  6
CONTINUOUS
100
AcDbLine
 10
61.6842860000000002
 20
-22.0907710000000002
 30
0
 11
61.6366669999999957
 21
-21.9955329999999982
 31
0
  0
LINE
  5
13D
330
1B
100
AcDbEntity
  8
F.Silkscreen
  6
CONTINUOUS
100
AcDbLine
 10
61.6366669999999957
 20
-21.9955329999999982
 30
0
 11
61.6366669999999957
 21
-21.9002949999999998
 31
0
  0
LINE
  5
13E
330
1B
100
AcDbEntity
  8
F.Silkscreen
  6
CONTINUOUS
100
AcDbLine
 10
61.6366669999999957
 20
-21.9002949999999998
 30
0
 11
61.6842860000000002
 21
-21.8050569999999979
 31
0
  0
LINE
  5
13F
330
1B
100
AcDbEntity
  8
F.Silkscreen
  6
CONTINUOUS
100
AcDbLine
 10
61.6842860000000002
 20
-21.8050569999999979
 30
0
 11
61.7319049999999976
 21
-21.7574380000000005
 31
0
  0
LINE
  5
140
330
1B
100
AcDbEntity
  8
F.Silkscreen
  6
CONTINUOUS
100
AcDbLine
 10
61.7319049999999976
 20
-21.7574380000000005
 30
0
 11
61.8271429999999995
 21
-21.7098189999999995
 31
0
  0
LINE
  5
141
330
1B
100
AcDbEntity
  8
F.Silkscreen
  6
CONTINUOUS
100
AcDbLine
 10
61.8271429999999995
 20
-21.7098189999999995
 30
0
 11
62.0652379999999937
 21
-21.7098189999999995
 31
0
  0
LINE
  5
142
330
1B
100
AcDbEntity
  8
F.Silkscreen
  6
CONTINUOUS
100
AcDbLine
 10
62.0652379999999937
 20
-21.7098189999999995
 30
0
 11
62.2080950000000001
 21
-21.7574380000000005
 31
0
  0
LINE
  5
143
330
1B
100
AcDbEntity
  8
F.Silkscreen
  6
CONTINUOUS
100
AcDbLine
 10
62.5414289999999937
 20
-21.7098189999999995
 30
0
 11
62.779523999999995
 21
-22.7098189999999995
 31
0
  0
LINE
  5
144
330
1B
100
AcDbEntity
  8
F.Silkscreen
  6
CONTINUOUS
100
AcDbLine
 10
62.779523999999995
 20
-22.7098189999999995
 30
0
 11
62.9699999999999989
 21
-21.9955329999999982
 31
0
  0
LINE
  5
145
330
1B
100
AcDbEntity
  8
F.Silkscreen
  6
CONTINUOUS
100
AcDbLine
 10
62.9699999999999989
 20
-21.9955329999999982
 30
0
 11
63.1604759999999956
 21
-22.7098189999999995
 31
0
  0
LINE
  5
146
330
1B
100
AcDbEntity
  8
F.Silkscreen
  6
CONTINUOUS
100
AcDbLine
 10
63.1604759999999956
 20
-22.7098189999999995
 30
0
 11
63.3985719999999944
 21
-21.7098189999999995
 31
0
  0
LINE
  5
147
330
1B
100
AcDbEntity
  8
F.Silkscreen
  6
CONTINUOUS
100
AcDbLine
 10
63.7319049999999976
 20
-21.8050569999999979
 30
0
 11
63.779523999999995
 21
-21.7574380000000005
 31
0
  0
LINE
  5
148
330
1B
100
AcDbEntity
  8
F.Silkscreen
  6
CONTINUOUS
100
AcDbLine
 10
63.779523999999995
 20
-21.7574380000000005
 30
0
 11
63.8747619999999969
 21
-21.7098189999999995
 31
0
  0
LINE
  5
149
330
1B
100
AcDbEntity
  8
F.Silkscreen
  6
CONTINUOUS
100
AcDbLine
 10
63.8747619999999969
 20
-21.7098189999999995
 30
0
 11
64.1128569999999911
 21
-21.7098189999999995
 31
0
  0
LINE
  5
14A
330
1B
100
AcDbEntity
  8
F.Silkscreen
  6
CONTINUOUS
100
AcDbLine
 10
64.1128569999999911
 20
-21.7098189999999995
 30
0
 11
64.2080950000000001
 21
-21.7574380000000005
 31
0
  0
LINE
  5
14B
330
1B
100
AcDbEntity
  8
F.Silkscreen
  6
CONTINUOUS
100
AcDbLine
 10
64.2080950000000001
 20
-21.7574380000000005
 30
0
 11
64.2557139999999976
 21
-21.8050569999999979
 31
0
  0
LINE
  5
14C
330
1B
100
AcDbEntity
  8
F.Silkscreen
  6
CONTINUOUS
100
AcDbLine
 10
64.2557139999999976
 20
-21.8050569999999979
 30
0
 11
64.303332999999995
 21
-21.9002949999999998
 31
0
  0
LINE
  5
14D
330
1B
100
AcDbEntity
  8
F.Silkscreen
  6
CONTINUOUS
100
AcDbLine
 10
64.303332999999995
 20
-21.9002949999999998
 30
0
 11
64.303332999999995
 21
-21.9955329999999982
 31
0
  0
LINE
  5
14E
330
1B
100
AcDbEntity
  8
F.Silkscreen
  6
CONTINUOUS
100
AcDbLine
 10
64.303332999999995
 20
-21.9955329999999982
 30
0
 11
64.2557139999999976
 21
-22.1383899999999976
 31
0
  0
LINE
  5
14F
330
1B
100
AcDbEntity
  8
F.Silkscreen
  6
CONTINUOUS
100
AcDbLine
 10
64.2557139999999976
 20
-22.1383899999999976
 30
0
 11
63.6842860000000002
 21
-22.7098189999999995
 31
0
  0
LINE
  5
150
330
1B
100
AcDbEntity
  8
F.Silkscreen
  6
CONTINUOUS
100
AcDbLine
 10
63.6842860000000002
 20
-22.7098189999999995
 30
0
 11
64.303332999999995
 21
-22.7098189999999995
 31
0
  0
LINE
  5
151
330
1B
100
AcDbEntity
  8
F.Silkscreen
  6
CONTINUOUS
100
AcDbLine
 10
62.8080949999999945
 20
-45.5098190000000002
 30
0
 11
62.8080949999999945
 21
-46.3193419999999989
 31
0
  0
LINE
  5
152
330
1B
100
AcDbEntity
  8
F.Silkscreen
  6
CONTINUOUS
100
AcDbLine
 10
62.8080949999999945
 20
-46.3193419999999989
 30
0
 11
62.855713999999999
 21
-46.4145800000000008
 31
0
  0
LINE
  5
153
330
1B
100
AcDbEntity
  8
F.Silkscreen
  6
CONTINUOUS
100
AcDbLine
 10
62.855713999999999
 20
-46.4145800000000008
 30
0
 11
62.9033329999999964
 21
-46.4621999999999957
 31
0
  0
LINE
  5
154
330
1B
100
AcDbEntity
  8
F.Silkscreen
  6
CONTINUOUS
100
AcDbLine
 10
62.9033329999999964
 20
-46.4621999999999957
 30
0
 11
62.9985709999999983
 21
-46.5098190000000002
 31
0
  0
LINE
  5
155
330
1B
100
AcDbEntity
  8
F.Silkscreen
  6
CONTINUOUS
100
AcDbLine
 10
62.9985709999999983
 20
-46.5098190000000002
 30
0
 11
63.1890469999999951
 21
-46.5098190000000002
 31
0
  0
LINE
  5
156
330
1B
100
AcDbEntity
  8
F.Silkscreen
  6
CONTINUOUS
100
AcDbLine
 10
63.1890469999999951
 20
-46.5098190000000002
 30
0
 11
63.284284999999997
 21
-46.4621999999999957
 31
0
  0
LINE
  5
157
330
1B
100
AcDbEntity
  8
F.Silkscreen
  6
CONTINUOUS
100
AcDbLine
 10
63.284284999999997
 20
-46.4621999999999957
 30
0
 11
63.3319039999999944
 21
-46.4145800000000008
 31
0
  0
LINE
  5
158
330
1B
100
AcDbEntity
  8
F.Silkscreen
  6
CONTINUOUS
100
AcDbLine
 10
63.3319039999999944
 20
-46.4145800000000008
 30
0
 11
63.3795229999999989
 21
-46.3193419999999989
 31
0
  0
LINE
  5
159
330
1B
100
AcDbEntity
  8
F.Silkscreen
  6
CONTINUOUS
100
AcDbLine
 10
63.3795229999999989
 20
-46.3193419999999989
 30
0
 11
63.3795229999999989
 21
-45.5098190000000002
 31
0
  0
LINE
  5
15A
330
1B
100
AcDbEntity
  8
F.Silkscreen
  6
CONTINUOUS
100
AcDbLine
 10
63.8080949999999945
 20
-45.6050569999999951
 30
0
 11
63.855713999999999
 21
-45.5574379999999977
 31
0
  0
LINE
  5
15B
330
1B
100
AcDbEntity
  8
F.Silkscreen
  6
CONTINUOUS
100
AcDbLine
 10
63.855713999999999
 20
-45.5574379999999977
 30
0
 11
63.9509519999999938
 21
-45.5098190000000002
 31
0
  0
LINE
  5
15C
330
1B
100
AcDbEntity
  8
F.Silkscreen
  6
CONTINUOUS
100
AcDbLine
 10
63.9509519999999938
 20
-45.5098190000000002
 30
0
 11
64.1890470000000022
 21
-45.5098190000000002
 31
0
  0
LINE
  5
15D
330
1B
100
AcDbEntity
  8
F.Silkscreen
  6
CONTINUOUS
100
AcDbLine
 10
64.1890470000000022
 20
-45.5098190000000002
 30
0
 11
64.284284999999997
 21
-45.5574379999999977
 31
0
  0
LINE
  5
15E
330
1B
100
AcDbEntity
  8
F.Silkscreen
  6
CONTINUOUS
100
AcDbLine
 10
64.284284999999997
 20
-45.5574379999999977
 30
0
 11
64.3319039999999944
 21
-45.6050569999999951
 31
0
  0
LINE
  5
15F
330
1B
100
AcDbEntity
  8
F.Silkscreen
  6
CONTINUOUS
100
AcDbLine
 10
64.3319039999999944
 20
-45.6050569999999951
 30
0
 11
64.3795229999999918
 21
-45.700294999999997
 31
0
  0
LINE
  5
160
330
1B
100
AcDbEntity
  8
F.Silkscreen
  6
CONTINUOUS
100
AcDbLine
 10
64.3795229999999918
 20
-45.700294999999997
 30
0
 11
64.3795229999999918
 21
-45.7955329999999989
 31
0
  0
LINE
  5
161
330
1B
100
AcDbEntity
  8
F.Silkscreen
  6
CONTINUOUS
100
AcDbLine
 10
64.3795229999999918
 20
-45.7955329999999989
 30
0
 11
64.3319039999999944
 21
-45.9383899999999983
 31
0
  0
LINE
  5
162
330
1B
100
AcDbEntity
  8
F.Silkscreen
  6
CONTINUOUS
100
AcDbLine
 10
64.3319039999999944
 20
-45.9383899999999983
 30
0
 11
63.760475999999997
 21
-46.5098190000000002
 31
0
  0
LINE
  5
163
330
1B
100
AcDbEntity
  8
F.Silkscreen
  6
CONTINUOUS
100
AcDbLine
 10
63.760475999999997
 20
-46.5098190000000002
 30
0
 11
64.3795229999999918
 21
-46.5098190000000002
 31
0
  0
LINE
  5
164
330
1B
100
AcDbEntity
  8
F.Silkscreen
  6
CONTINUOUS
100
AcDbLine
 10
64.6747610000000037
 20
-85.9300569999999908
 30
0
 11
64.5795229999999947
 21
-85.8824379999999934
 31
0
  0
LINE
  5
165
330
1B
100
AcDbEntity
  8
F.Silkscreen
  6
CONTINUOUS
100
AcDbLine
 10
64.5795229999999947
 20
-85.8824379999999934
 30
0
 11
64.4842849999999999
 21
-85.7871999999999986
 31
0
  0
LINE
  5
166
330
1B
100
AcDbEntity
  8
F.Silkscreen
  6
CONTINUOUS
100
AcDbLine
 10
64.4842849999999999
 20
-85.7871999999999986
 30
0
 11
64.3414279999999934
 21
-85.6443419999999946
 31
0
  0
LINE
  5
167
330
1B
100
AcDbEntity
  8
F.Silkscreen
  6
CONTINUOUS
100
AcDbLine
 10
64.3414279999999934
 20
-85.6443419999999946
 30
0
 11
64.2461899999999986
 21
-85.5967229999999972
 31
0
  0
LINE
  5
168
330
1B
100
AcDbEntity
  8
F.Silkscreen
  6
CONTINUOUS
100
AcDbLine
 10
64.2461899999999986
 20
-85.5967229999999972
 30
0
 11
64.1509520000000037
 21
-85.5967229999999972
 31
0
  0
LINE
  5
169
330
1B
100
AcDbEntity
  8
F.Silkscreen
  6
CONTINUOUS
100
AcDbLine
 10
64.1985710000000012
 20
-85.834818999999996
 30
0
 11
64.1033329999999921
 21
-85.7871999999999986
 31
0
  0
LINE
  5
16A
330
1B
100
AcDbEntity
  8
F.Silkscreen
  6
CONTINUOUS
100
AcDbLine
 10
64.1033329999999921
 20
-85.7871999999999986
 30
0
 11
64.0080949999999973
 21
-85.6919609999999921
 31
0
  0
LINE
  5
16B
330
1B
100
AcDbEntity
  8
F.Silkscreen
  6
CONTINUOUS
100
AcDbLine
 10
64.0080949999999973
 20
-85.6919609999999921
 30
0
 11
63.9604759999999999
 21
-85.5014850000000024
 31
0
  0
LINE
  5
16C
330
1B
100
AcDbEntity
  8
F.Silkscreen
  6
CONTINUOUS
100
AcDbLine
 10
63.9604759999999999
 20
-85.5014850000000024
 30
0
 11
63.9604759999999999
 21
-85.1681519999999921
 31
0
  0
LINE
  5
16D
330
1B
100
AcDbEntity
  8
F.Silkscreen
  6
CONTINUOUS
100
AcDbLine
 10
63.9604759999999999
 20
-85.1681519999999921
 30
0
 11
64.0080949999999973
 21
-84.9776760000000024
 31
0
  0
LINE
  5
16E
330
1B
100
AcDbEntity
  8
F.Silkscreen
  6
CONTINUOUS
100
AcDbLine
 10
64.0080949999999973
 20
-84.9776760000000024
 30
0
 11
64.1033329999999921
 21
-84.8824379999999934
 31
0
  0
LINE
  5
16F
330
1B
100
AcDbEntity
  8
F.Silkscreen
  6
CONTINUOUS
100
AcDbLine
 10
64.1033329999999921
 20
-84.8824379999999934
 30
0
 11
64.1985710000000012
 21
-84.834818999999996
 31
0
  0
LINE
  5
170
330
1B
100
AcDbEntity
  8
F.Silkscreen
  6
CONTINUOUS
100
AcDbLine
 10
64.1985710000000012
 20
-84.834818999999996
 30
0
 11
64.3890469999999908
 21
-84.834818999999996
 31
0
  0
LINE
  5
171
330
1B
100
AcDbEntity
  8
F.Silkscreen
  6
CONTINUOUS
100
AcDbLine
 10
64.3890469999999908
 20
-84.834818999999996
 30
0
 11
64.4842849999999999
 21
-84.8824379999999934
 31
0
  0
LINE
  5
172
330
1B
100
AcDbEntity
  8
F.Silkscreen
  6
CONTINUOUS
100
AcDbLine
 10
64.4842849999999999
 20
-84.8824379999999934
 30
0
 11
64.5795229999999947
 21
-84.9776760000000024
 31
0
  0
LINE
  5
173
330
1B
100
AcDbEntity
  8
F.Silkscreen
  6
CONTINUOUS
100
AcDbLine
 10
64.5795229999999947
 20
-84.9776760000000024
 30
0
 11
64.6271419999999921
 21
-85.1681519999999921
 31
0
  0
LINE
  5
174
330
1B
100
AcDbEntity
  8
F.Silkscreen
  6
CONTINUOUS
100
AcDbLine
 10
64.6271419999999921
 20
-85.1681519999999921
 30
0
 11
64.6271419999999921
 21
-85.5014850000000024
 31
0
  0
LINE
  5
175
330
1B
100
AcDbEntity
  8
F.Silkscreen
  6
CONTINUOUS
100
AcDbLine
 10
64.6271419999999921
 20
-85.5014850000000024
 30
0
 11
64.5795229999999947
 21
-85.6919609999999921
 31
0
  0
LINE
  5
176
330
1B
100
AcDbEntity
  8
F.Silkscreen
  6
CONTINUOUS
100
AcDbLine
 10
64.5795229999999947
 20
-85.6919609999999921
 30
0
 11
64.4842849999999999
 21
-85.7871999999999986
 31
0
  0
LINE
  5
177
330
1B
100
AcDbEntity
  8
F.Silkscreen
  6
CONTINUOUS
100
AcDbLine
 10
64.4842849999999999
 20
-85.7871999999999986
 30
0
 11
64.3890469999999908
 21
-85.834818999999996
 31
0
  0
LINE
  5
178
330
1B
100
AcDbEntity
  8
F.Silkscreen
  6
CONTINUOUS
100
AcDbLine
 10
64.3890469999999908
 20
-85.834818999999996
 30
0
 11
64.1985710000000012
 21
-85.834818999999996
 31
0
  0
LINE
  5
179
330
1B
100
AcDbEntity
  8
F.Silkscreen
  6
CONTINUOUS
100
AcDbLine
 10
65.0080949999999973
 20
-84.9300569999999908
 30
0
 11
65.0557139999999947
 21
-84.8824379999999934
 31
0
  0
LINE
  5
17A
330
1B
100
AcDbEntity
  8
F.Silkscreen
  6
CONTINUOUS
100
AcDbLine
 10
65.0557139999999947
 20
-84.8824379999999934
 30
0
 11
65.1509520000000037
 21
-84.834818999999996
 31
0
  0
LINE
  5
17B
330
1B
100
AcDbEntity
  8
F.Silkscreen
  6
CONTINUOUS
100
AcDbLine
 10
65.1509520000000037
 20
-84.834818999999996
 30
0
 11
65.3890469999999908
 21
-84.834818999999996
 31
0
  0
LINE
  5
17C
330
1B
100
AcDbEntity
  8
F.Silkscreen
  6
CONTINUOUS
100
AcDbLine
 10
65.3890469999999908
 20
-84.834818999999996
 30
0
 11
65.4842849999999999
 21
-84.8824379999999934
 31
0
  0
LINE
  5
17D
330
1B
100
AcDbEntity
  8
F.Silkscreen
  6
CONTINUOUS
100
AcDbLine
 10
65.4842849999999999
 20
-84.8824379999999934
 30
0
 11
65.5319039999999973
 21
-84.9300569999999908
 31
0
  0
LINE
  5
17E
330
1B
100
AcDbEntity
  8
F.Silkscreen
  6
CONTINUOUS
100
AcDbLine
 10
65.5319039999999973
 20
-84.9300569999999908
 30
0
 11
65.5795229999999947
 21
-85.0252949999999998
 31
0
  0
LINE
  5
17F
330
1B
100
AcDbEntity
  8
F.Silkscreen
  6
CONTINUOUS
100
AcDbLine
 10
65.5795229999999947
 20
-85.0252949999999998
 30
0
 11
65.5795229999999947
 21
-85.1205329999999947
 31
0
  0
LINE
  5
180
330
1B
100
AcDbEntity
  8
F.Silkscreen
  6
CONTINUOUS
100
AcDbLine
 10
65.5795229999999947
 20
-85.1205329999999947
 30
0
 11
65.5319039999999973
 21
-85.2633900000000011
 31
0
  0
LINE
  5
181
330
1B
100
AcDbEntity
  8
F.Silkscreen
  6
CONTINUOUS
100
AcDbLine
 10
65.5319039999999973
 20
-85.2633900000000011
 30
0
 11
64.9604759999999999
 21
-85.834818999999996
 31
0
  0
LINE
  5
182
330
1B
100
AcDbEntity
  8
F.Silkscreen
  6
CONTINUOUS
100
AcDbLine
 10
64.9604759999999999
 20
-85.834818999999996
 30
0
 11
65.5795229999999947
 21
-85.834818999999996
 31
0
  0
LINE
  5
183
330
1B
100
AcDbEntity
  8
F.Silkscreen
  6
CONTINUOUS
100
AcDbLine
 10
66.7033330000000007
 20
-40.5645799999999994
 30
0
 11
66.6557140000000032
 21
-40.6122000000000014
 31
0
  0
LINE
  5
184
330
1B
100
AcDbEntity
  8
F.Silkscreen
  6
CONTINUOUS
100
AcDbLine
 10
66.6557140000000032
 20
-40.6122000000000014
 30
0
 11
66.5128569999999968
 21
-40.6598189999999988
 31
0
  0
LINE
  5
185
330
1B
100
AcDbEntity
  8
F.Silkscreen
  6
CONTINUOUS
100
AcDbLine
 10
66.5128569999999968
 20
-40.6598189999999988
 30
0
 11
66.417619000000002
 21
-40.6598189999999988
 31
0
  0
LINE
  5
186
330
1B
100
AcDbEntity
  8
F.Silkscreen
  6
CONTINUOUS
100
AcDbLine
 10
66.417619000000002
 20
-40.6598189999999988
 30
0
 11
66.2747619999999955
 21
-40.6122000000000014
 31
0
  0
LINE
  5
187
330
1B
100
AcDbEntity
  8
F.Silkscreen
  6
CONTINUOUS
100
AcDbLine
 10
66.2747619999999955
 20
-40.6122000000000014
 30
0
 11
66.1795240000000007
 21
-40.5169609999999949
 31
0
  0
LINE
  5
188
330
1B
100
AcDbEntity
  8
F.Silkscreen
  6
CONTINUOUS
100
AcDbLine
 10
66.1795240000000007
 20
-40.5169609999999949
 30
0
 11
66.1319050000000033
 21
-40.4217230000000001
 31
0
  0
LINE
  5
189
330
1B
100
AcDbEntity
  8
F.Silkscreen
  6
CONTINUOUS
100
AcDbLine
 10
66.1319050000000033
 20
-40.4217230000000001
 30
0
 11
66.0842859999999916
 21
-40.2312469999999962
 31
0
  0
LINE
  5
18A
330
1B
100
AcDbEntity
  8
F.Silkscreen
  6
CONTINUOUS
100
AcDbLine
 10
66.0842859999999916
 20
-40.2312469999999962
 30
0
 11
66.0842859999999916
 21
-40.0883899999999969
 31
0
  0
LINE
  5
18B
330
1B
100
AcDbEntity
  8
F.Silkscreen
  6
CONTINUOUS
100
AcDbLine
 10
66.0842859999999916
 20
-40.0883899999999969
 30
0
 11
66.1319050000000033
 21
-39.8979140000000001
 31
0
  0
LINE
  5
18C
330
1B
100
AcDbEntity
  8
F.Silkscreen
  6
CONTINUOUS
100
AcDbLine
 10
66.1319050000000033
 20
-39.8979140000000001
 30
0
 11
66.1795240000000007
 21
-39.8026759999999982
 31
0
  0
LINE
  5
18D
330
1B
100
AcDbEntity
  8
F.Silkscreen
  6
CONTINUOUS
100
AcDbLine
 10
66.1795240000000007
 20
-39.8026759999999982
 30
0
 11
66.2747619999999955
 21
-39.7074379999999962
 31
0
  0
LINE
  5
18E
330
1B
100
AcDbEntity
  8
F.Silkscreen
  6
CONTINUOUS
100
AcDbLine
 10
66.2747619999999955
 20
-39.7074379999999962
 30
0
 11
66.417619000000002
 21
-39.6598189999999988
 31
0
  0
LINE
  5
18F
330
1B
100
AcDbEntity
  8
F.Silkscreen
  6
CONTINUOUS
100
AcDbLine
 10
66.417619000000002
 20
-39.6598189999999988
 30
0
 11
66.5128569999999968
 21
-39.6598189999999988
 31
0
  0
LINE
  5
190
330
1B
100
AcDbEntity
  8
F.Silkscreen
  6
CONTINUOUS
100
AcDbLine
 10
66.5128569999999968
 20
-39.6598189999999988
 30
0
 11
66.6557140000000032
 21
-39.7074379999999962
 31
0
  0
LINE
  5
191
330
1B
100
AcDbEntity
  8
F.Silkscreen
  6
CONTINUOUS
100
AcDbLine
 10
66.6557140000000032
 20
-39.7074379999999962
 30
0
 11
66.7033330000000007
 21
-39.7550570000000008
 31
0
  0
LINE
  5
192
330
1B
100
AcDbEntity
  8
F.Silkscreen
  6
CONTINUOUS
100
AcDbLine
 10
67.5604759999999942
 20
-39.6598189999999988
 30
0
 11
67.3699999999999903
 21
-39.6598189999999988
 31
0
  0
LINE
  5
193
330
1B
100
AcDbEntity
  8
F.Silkscreen
  6
CONTINUOUS
100
AcDbLine
 10
67.3699999999999903
 20
-39.6598189999999988
 30
0
 11
67.2747619999999955
 21
-39.7074379999999962
 31
0
  0
LINE
  5
194
330
1B
100
AcDbEntity
  8
F.Silkscreen
  6
CONTINUOUS
100
AcDbLine
 10
67.2747619999999955
 20
-39.7074379999999962
 30
0
 11
67.2271429999999981
 21
-39.7550570000000008
 31
0
  0
LINE
  5
195
330
1B
100
AcDbEntity
  8
F.Silkscreen
  6
CONTINUOUS
100
AcDbLine
 10
67.2271429999999981
 20
-39.7550570000000008
 30
0
 11
67.1319050000000033
 21
-39.8979140000000001
 31
0
  0
LINE
  5
196
330
1B
100
AcDbEntity
  8
F.Silkscreen
  6
CONTINUOUS
100
AcDbLine
 10
67.1319050000000033
 20
-39.8979140000000001
 30
0
 11
67.0842859999999916
 21
-40.0883899999999969
 31
0
  0
LINE
  5
197
330
1B
100
AcDbEntity
  8
F.Silkscreen
  6
CONTINUOUS
100
AcDbLine
 10
67.0842859999999916
 20
-40.0883899999999969
 30
0
 11
67.0842859999999916
 21
-40.4693419999999975
 31
0
  0
LINE
  5
198
330
1B
100
AcDbEntity
  8
F.Silkscreen
  6
CONTINUOUS
100
AcDbLine
 10
67.0842859999999916
 20
-40.4693419999999975
 30
0
 11
67.1319050000000033
 21
-40.5645799999999994
 31
0
  0
LINE
  5
199
330
1B
100
AcDbEntity
  8
F.Silkscreen
  6
CONTINUOUS
100
AcDbLine
 10
67.1319050000000033
 20
-40.5645799999999994
 30
0
 11
67.1795240000000007
 21
-40.6122000000000014
 31
0
  0
LINE
  5
19A
330
1B
100
AcDbEntity
  8
F.Silkscreen
  6
CONTINUOUS
100
AcDbLine
 10
67.1795240000000007
 20
-40.6122000000000014
 30
0
 11
67.2747619999999955
 21
-40.6598189999999988
 31
0
  0
LINE
  5
19B
330
1B
100
AcDbEntity
  8
F.Silkscreen
  6
CONTINUOUS
100
AcDbLine
 10
67.2747619999999955
 20
-40.6598189999999988
 30
0
 11
67.4652379999999994
 21
-40.6598189999999988
 31
0
  0
LINE
  5
19C
330
1B
100
AcDbEntity
  8
F.Silkscreen
  6
CONTINUOUS
100
AcDbLine
 10
67.4652379999999994
 20
-40.6598189999999988
 30
0
 11
67.5604759999999942
 21
-40.6122000000000014
 31
0
  0
LINE
  5
19D
330
1B
100
AcDbEntity
  8
F.Silkscreen
  6
CONTINUOUS
100
AcDbLine
 10
67.5604759999999942
 20
-40.6122000000000014
 30
0
 11
67.6080949999999916
 21
-40.5645799999999994
 31
0
  0
LINE
  5
19E
330
1B
100
AcDbEntity
  8
F.Silkscreen
  6
CONTINUOUS
100
AcDbLine
 10
67.6080949999999916
 20
-40.5645799999999994
 30
0
 11
67.6557140000000032
 21
-40.4693419999999975
 31
0
  0
LINE
  5
19F
330
1B
100
AcDbEntity
  8
F.Silkscreen
  6
CONTINUOUS
100
AcDbLine
 10
67.6557140000000032
 20
-40.4693419999999975
 30
0
 11
67.6557140000000032
 21
-40.2312469999999962
 31
0
  0
LINE
  5
1A0
330
1B
100
AcDbEntity
  8
F.Silkscreen
  6
CONTINUOUS
100
AcDbLine
 10
67.6557140000000032
 20
-40.2312469999999962
 30
0
 11
67.6080949999999916
 21
-40.1360090000000014
 31
0
  0
LINE
  5
1A1
330
1B
100
AcDbEntity
  8
F.Silkscreen
  6
CONTINUOUS
100
AcDbLine
 10
67.6080949999999916
 20
-40.1360090000000014
 30
0
 11
67.5604759999999942
 21
-40.0883899999999969
 31
0
  0
LINE
  5
1A2
330
1B
100
AcDbEntity
  8
F.Silkscreen
  6
CONTINUOUS
100
AcDbLine
 10
67.5604759999999942
 20
-40.0883899999999969
 30
0
 11
67.4652379999999994
 21
-40.0407709999999994
 31
0
  0
LINE
  5
1A3
330
1B
100
AcDbEntity
  8
F.Silkscreen
  6
CONTINUOUS
100
AcDbLine
 10
67.4652379999999994
 20
-40.0407709999999994
 30
0
 11
67.2747619999999955
 21
-40.0407709999999994
 31
0
  0
LINE
  5
1A4
330
1B
100
AcDbEntity
  8
F.Silkscreen
  6
CONTINUOUS
100
AcDbLine
 10
67.2747619999999955
 20
-40.0407709999999994
 30
0
 11
67.1795240000000007
 21
-40.0883899999999969
 31
0
  0
LINE
  5
1A5
330
1B
100
AcDbEntity
  8
F.Silkscreen
  6
CONTINUOUS
100
AcDbLine
 10
67.1795240000000007
 20
-40.0883899999999969
 30
0
 11
67.1319050000000033
 21
-40.1360090000000014
 31
0
  0
LINE
  5
1A6
330
1B
100
AcDbEntity
  8
F.Silkscreen
  6
CONTINUOUS
100
AcDbLine
 10
67.1319050000000033
 20
-40.1360090000000014
 30
0
 11
67.0842859999999916
 21
-40.2312469999999962
 31
0
  0
LINE
  5
1A7
330
1B
100
AcDbEntity
  8
F.Silkscreen
  6
CONTINUOUS
100
AcDbLine
 10
73.1033329999999921
 20
-77.2598189999999931
 30
0
 11
72.769999999999996
 21
-76.7836279999999931
 31
0
  0
LINE
  5
1A8
330
1B
100
AcDbEntity
  8
F.Silkscreen
  6
CONTINUOUS
100
AcDbLine
 10
72.5319049999999947
 20
-77.2598189999999931
 30
0
 11
72.5319049999999947
 21
-76.2598189999999931
 31
0
  0
LINE
  5
1A9
330
1B
100
AcDbEntity
  8
F.Silkscreen
  6
CONTINUOUS
100
AcDbLine
 10
72.5319049999999947
 20
-76.2598189999999931
 30
0
 11
72.9128570000000025
 21
-76.2598189999999931
 31
0
  0
LINE
  5
1AA
330
1B
100
AcDbEntity
  8
F.Silkscreen
  6
CONTINUOUS
100
AcDbLine
 10
72.9128570000000025
 20
-76.2598189999999931
 30
0
 11
73.0080949999999973
 21
-76.3074379999999906
 31
0
  0
LINE
  5
1AB
330
1B
100
AcDbEntity
  8
F.Silkscreen
  6
CONTINUOUS
100
AcDbLine
 10
73.0080949999999973
 20
-76.3074379999999906
 30
0
 11
73.0557139999999947
 21
-76.3550570000000022
 31
0
  0
LINE
  5
1AC
330
1B
100
AcDbEntity
  8
F.Silkscreen
  6
CONTINUOUS
100
AcDbLine
 10
73.0557139999999947
 20
-76.3550570000000022
 30
0
 11
73.1033329999999921
 21
-76.450294999999997
 31
0
  0
LINE
  5
1AD
330
1B
100
AcDbEntity
  8
F.Silkscreen
  6
CONTINUOUS
100
AcDbLine
 10
73.1033329999999921
 20
-76.450294999999997
 30
0
 11
73.1033329999999921
 21
-76.5931520000000035
 31
0
  0
LINE
  5
1AE
330
1B
100
AcDbEntity
  8
F.Silkscreen
  6
CONTINUOUS
100
AcDbLine
 10
73.1033329999999921
 20
-76.5931520000000035
 30
0
 11
73.0557139999999947
 21
-76.6883899999999983
 31
0
  0
LINE
  5
1AF
330
1B
100
AcDbEntity
  8
F.Silkscreen
  6
CONTINUOUS
100
AcDbLine
 10
73.0557139999999947
 20
-76.6883899999999983
 30
0
 11
73.0080949999999973
 21
-76.7360089999999957
 31
0
  0
LINE
  5
1B0
330
1B
100
AcDbEntity
  8
F.Silkscreen
  6
CONTINUOUS
100
AcDbLine
 10
73.0080949999999973
 20
-76.7360089999999957
 30
0
 11
72.9128570000000025
 21
-76.7836279999999931
 31
0
  0
LINE
  5
1B1
330
1B
100
AcDbEntity
  8
F.Silkscreen
  6
CONTINUOUS
100
AcDbLine
 10
72.9128570000000025
 20
-76.7836279999999931
 30
0
 11
72.5319049999999947
 21
-76.7836279999999931
 31
0
  0
LINE
  5
1B2
330
1B
100
AcDbEntity
  8
F.Silkscreen
  6
CONTINUOUS
100
AcDbLine
 10
73.6747620000000012
 20
-76.6883899999999983
 30
0
 11
73.5795239999999922
 21
-76.6407710000000009
 31
0
  0
LINE
  5
1B3
330
1B
100
AcDbEntity
  8
F.Silkscreen
  6
CONTINUOUS
100
AcDbLine
 10
73.5795239999999922
 20
-76.6407710000000009
 30
0
 11
73.5319049999999947
 21
-76.5931520000000035
 31
0
  0
LINE
  5
1B4
330
1B
100
AcDbEntity
  8
F.Silkscreen
  6
CONTINUOUS
100
AcDbLine
 10
73.5319049999999947
 20
-76.5931520000000035
 30
0
 11
73.4842859999999973
 21
-76.4979139999999944
 31
0
  0
LINE
  5
1B5
330
1B
100
AcDbEntity
  8
F.Silkscreen
  6
CONTINUOUS
100
AcDbLine
 10
73.4842859999999973
 20
-76.4979139999999944
 30
0
 11
73.4842859999999973
 21
-76.450294999999997
 31
0
  0
LINE
  5
1B6
330
1B
100
AcDbEntity
  8
F.Silkscreen
  6
CONTINUOUS
100
AcDbLine
 10
73.4842859999999973
 20
-76.450294999999997
 30
0
 11
73.5319049999999947
 21
-76.3550570000000022
 31
0
  0
LINE
  5
1B7
330
1B
100
AcDbEntity
  8
F.Silkscreen
  6
CONTINUOUS
100
AcDbLine
 10
73.5319049999999947
 20
-76.3550570000000022
 30
0
 11
73.5795239999999922
 21
-76.3074379999999906
 31
0
  0
LINE
  5
1B8
330
1B
100
AcDbEntity
  8
F.Silkscreen
  6
CONTINUOUS
100
AcDbLine
 10
73.5795239999999922
 20
-76.3074379999999906
 30
0
 11
73.6747620000000012
 21
-76.2598189999999931
 31
0
  0
LINE
  5
1B9
330
1B
100
AcDbEntity
  8
F.Silkscreen
  6
CONTINUOUS
100
AcDbLine
 10
73.6747620000000012
 20
-76.2598189999999931
 30
0
 11
73.8652379999999908
 21
-76.2598189999999931
 31
0
  0
LINE
  5
1BA
330
1B
100
AcDbEntity
  8
F.Silkscreen
  6
CONTINUOUS
100
AcDbLine
 10
73.8652379999999908
 20
-76.2598189999999931
 30
0
 11
73.9604759999999999
 21
-76.3074379999999906
 31
0
  0
LINE
  5
1BB
330
1B
100
AcDbEntity
  8
F.Silkscreen
  6
CONTINUOUS
100
AcDbLine
 10
73.9604759999999999
 20
-76.3074379999999906
 30
0
 11
74.0080949999999973
 21
-76.3550570000000022
 31
0
  0
LINE
  5
1BC
330
1B
100
AcDbEntity
  8
F.Silkscreen
  6
CONTINUOUS
100
AcDbLine
 10
74.0080949999999973
 20
-76.3550570000000022
 30
0
 11
74.0557139999999947
 21
-76.450294999999997
 31
0
  0
LINE
  5
1BD
330
1B
100
AcDbEntity
  8
F.Silkscreen
  6
CONTINUOUS
100
AcDbLine
 10
74.0557139999999947
 20
-76.450294999999997
 30
0
 11
74.0557139999999947
 21
-76.4979139999999944
 31
0
  0
LINE
  5
1BE
330
1B
100
AcDbEntity
  8
F.Silkscreen
  6
CONTINUOUS
100
AcDbLine
 10
74.0557139999999947
 20
-76.4979139999999944
 30
0
 11
74.0080949999999973
 21
-76.5931520000000035
 31
0
  0
LINE
  5
1BF
330
1B
100
AcDbEntity
  8
F.Silkscreen
  6
CONTINUOUS
100
AcDbLine
 10
74.0080949999999973
 20
-76.5931520000000035
 30
0
 11
73.9604759999999999
 21
-76.6407710000000009
 31
0
  0
LINE
  5
1C0
330
1B
100
AcDbEntity
  8
F.Silkscreen
  6
CONTINUOUS
100
AcDbLine
 10
73.9604759999999999
 20
-76.6407710000000009
 30
0
 11
73.8652379999999908
 21
-76.6883899999999983
 31
0
  0
LINE
  5
1C1
330
1B
100
AcDbEntity
  8
F.Silkscreen
  6
CONTINUOUS
100
AcDbLine
 10
73.8652379999999908
 20
-76.6883899999999983
 30
0
 11
73.6747620000000012
 21
-76.6883899999999983
 31
0
  0
LINE
  5
1C2
330
1B
100
AcDbEntity
  8
F.Silkscreen
  6
CONTINUOUS
100
AcDbLine
 10
73.6747620000000012
 20
-76.6883899999999983
 30
0
 11
73.5795239999999922
 21
-76.7360089999999957
 31
0
  0
LINE
  5
1C3
330
1B
100
AcDbEntity
  8
F.Silkscreen
  6
CONTINUOUS
100
AcDbLine
 10
73.5795239999999922
 20
-76.7360089999999957
 30
0
 11
73.5319049999999947
 21
-76.7836279999999931
 31
0
  0
LINE
  5
1C4
330
1B
100
AcDbEntity
  8
F.Silkscreen
  6
CONTINUOUS
100
AcDbLine
 10
73.5319049999999947
 20
-76.7836279999999931
 30
0
 11
73.4842859999999973
 21
-76.8788660000000021
 31
0
  0
LINE
  5
1C5
330
1B
100
AcDbEntity
  8
F.Silkscreen
  6
CONTINUOUS
100
AcDbLine
 10
73.4842859999999973
 20
-76.8788660000000021
 30
0
 11
73.4842859999999973
 21
-77.0693419999999918
 31
0
  0
LINE
  5
1C6
330
1B
100
AcDbEntity
  8
F.Silkscreen
  6
CONTINUOUS
100
AcDbLine
 10
73.4842859999999973
 20
-77.0693419999999918
 30
0
 11
73.5319049999999947
 21
-77.1645800000000008
 31
0
  0
LINE
  5
1C7
330
1B
100
AcDbEntity
  8
F.Silkscreen
  6
CONTINUOUS
100
AcDbLine
 10
73.5319049999999947
 20
-77.1645800000000008
 30
0
 11
73.5795239999999922
 21
-77.2121999999999957
 31
0
  0
LINE
  5
1C8
330
1B
100
AcDbEntity
  8
F.Silkscreen
  6
CONTINUOUS
100
AcDbLine
 10
73.5795239999999922
 20
-77.2121999999999957
 30
0
 11
73.6747620000000012
 21
-77.2598189999999931
 31
0
  0
LINE
  5
1C9
330
1B
100
AcDbEntity
  8
F.Silkscreen
  6
CONTINUOUS
100
AcDbLine
 10
73.6747620000000012
 20
-77.2598189999999931
 30
0
 11
73.8652379999999908
 21
-77.2598189999999931
 31
0
  0
LINE
  5
1CA
330
1B
100
AcDbEntity
  8
F.Silkscreen
  6
CONTINUOUS
100
AcDbLine
 10
73.8652379999999908
 20
-77.2598189999999931
 30
0
 11
73.9604759999999999
 21
-77.2121999999999957
 31
0
  0
LINE
  5
1CB
330
1B
100
AcDbEntity
  8
F.Silkscreen
  6
CONTINUOUS
100
AcDbLine
 10
73.9604759999999999
 20
-77.2121999999999957
 30
0
 11
74.0080949999999973
 21
-77.1645800000000008
 31
0
  0
LINE
  5
1CC
330
1B
100
AcDbEntity
  8
F.Silkscreen
  6
CONTINUOUS
100
AcDbLine
 10
74.0080949999999973
 20
-77.1645800000000008
 30
0
 11
74.0557139999999947
 21
-77.0693419999999918
 31
0
  0
LINE
  5
1CD
330
1B
100
AcDbEntity
  8
F.Silkscreen
  6
CONTINUOUS
100
AcDbLine
 10
74.0557139999999947
 20
-77.0693419999999918
 30
0
 11
74.0557139999999947
 21
-76.8788660000000021
 31
0
  0
LINE
  5
1CE
330
1B
100
AcDbEntity
  8
F.Silkscreen
  6
CONTINUOUS
100
AcDbLine
 10
74.0557139999999947
 20
-76.8788660000000021
 30
0
 11
74.0080949999999973
 21
-76.7836279999999931
 31
0
  0
LINE
  5
1CF
330
1B
100
AcDbEntity
  8
F.Silkscreen
  6
CONTINUOUS
100
AcDbLine
 10
74.0080949999999973
 20
-76.7836279999999931
 30
0
 11
73.9604759999999999
 21
-76.7360089999999957
 31
0
  0
LINE
  5
1D0
330
1B
100
AcDbEntity
  8
F.Silkscreen
  6
CONTINUOUS
100
AcDbLine
 10
73.9604759999999999
 20
-76.7360089999999957
 30
0
 11
73.8652379999999908
 21
-76.6883899999999983
 31
0
  0
LINE
  5
1D1
330
1B
100
AcDbEntity
  8
F.Silkscreen
  6
CONTINUOUS
100
AcDbLine
 10
73.0319049999999947
 20
-31.5198189999999983
 30
0
 11
73.0319049999999947
 21
-30.5198189999999983
 31
0
  0
LINE
  5
1D2
330
1B
100
AcDbEntity
  8
F.Silkscreen
  6
CONTINUOUS
100
AcDbLine
 10
73.0319049999999947
 20
-30.5198189999999983
 30
0
 11
73.269999999999996
 21
-30.5198189999999983
 31
0
  0
LINE
  5
1D3
330
1B
100
AcDbEntity
  8
F.Silkscreen
  6
CONTINUOUS
100
AcDbLine
 10
73.269999999999996
 20
-30.5198189999999983
 30
0
 11
73.4128570000000025
 21
-30.5674379999999992
 31
0
  0
LINE
  5
1D4
330
1B
100
AcDbEntity
  8
F.Silkscreen
  6
CONTINUOUS
100
AcDbLine
 10
73.4128570000000025
 20
-30.5674379999999992
 30
0
 11
73.5080949999999973
 21
-30.6626759999999976
 31
0
  0
LINE
  5
1D5
330
1B
100
AcDbEntity
  8
F.Silkscreen
  6
CONTINUOUS
100
AcDbLine
 10
73.5080949999999973
 20
-30.6626759999999976
 30
0
 11
73.5557139999999947
 21
-30.7579139999999995
 31
0
  0
LINE
  5
1D6
330
1B
100
AcDbEntity
  8
F.Silkscreen
  6
CONTINUOUS
100
AcDbLine
 10
73.5557139999999947
 20
-30.7579139999999995
 30
0
 11
73.6033329999999921
 21
-30.9483899999999998
 31
0
  0
LINE
  5
1D7
330
1B
100
AcDbEntity
  8
F.Silkscreen
  6
CONTINUOUS
100
AcDbLine
 10
73.6033329999999921
 20
-30.9483899999999998
 30
0
 11
73.6033329999999921
 21
-31.0912469999999992
 31
0
  0
LINE
  5
1D8
330
1B
100
AcDbEntity
  8
F.Silkscreen
  6
CONTINUOUS
100
AcDbLine
 10
73.6033329999999921
 20
-31.0912469999999992
 30
0
 11
73.5557139999999947
 21
-31.2817229999999995
 31
0
  0
LINE
  5
1D9
330
1B
100
AcDbEntity
  8
F.Silkscreen
  6
CONTINUOUS
100
AcDbLine
 10
73.5557139999999947
 20
-31.2817229999999995
 30
0
 11
73.5080949999999973
 21
-31.3769609999999979
 31
0
  0
LINE
  5
1DA
330
1B
100
AcDbEntity
  8
F.Silkscreen
  6
CONTINUOUS
100
AcDbLine
 10
73.5080949999999973
 20
-31.3769609999999979
 30
0
 11
73.4128570000000025
 21
-31.4721999999999973
 31
0
  0
LINE
  5
1DB
330
1B
100
AcDbEntity
  8
F.Silkscreen
  6
CONTINUOUS
100
AcDbLine
 10
73.4128570000000025
 20
-31.4721999999999973
 30
0
 11
73.269999999999996
 21
-31.5198189999999983
 31
0
  0
LINE
  5
1DC
330
1B
100
AcDbEntity
  8
F.Silkscreen
  6
CONTINUOUS
100
AcDbLine
 10
73.269999999999996
 20
-31.5198189999999983
 30
0
 11
73.0319049999999947
 21
-31.5198189999999983
 31
0
  0
LINE
  5
1DD
330
1B
100
AcDbEntity
  8
F.Silkscreen
  6
CONTINUOUS
100
AcDbLine
 10
74.5557139999999947
 20
-31.5198189999999983
 30
0
 11
73.9842859999999973
 21
-31.5198189999999983
 31
0
  0
LINE
  5
1DE
330
1B
100
AcDbEntity
  8
F.Silkscreen
  6
CONTINUOUS
100
AcDbLine
 10
74.269999999999996
 20
-31.5198189999999983
 30
0
 11
74.269999999999996
 21
-30.5198189999999983
 31
0
  0
LINE
  5
1DF
330
1B
100
AcDbEntity
  8
F.Silkscreen
  6
CONTINUOUS
100
AcDbLine
 10
74.269999999999996
 20
-30.5198189999999983
 30
0
 11
74.1747620000000012
 21
-30.6626759999999976
 31
0
  0
LINE
  5
1E0
330
1B
100
AcDbEntity
  8
F.Silkscreen
  6
CONTINUOUS
100
AcDbLine
 10
74.1747620000000012
 20
-30.6626759999999976
 30
0
 11
74.0795239999999922
 21
-30.7579139999999995
 31
0
  0
LINE
  5
1E1
330
1B
100
AcDbEntity
  8
F.Silkscreen
  6
CONTINUOUS
100
AcDbLine
 10
74.0795239999999922
 20
-30.7579139999999995
 30
0
 11
73.9842859999999973
 21
-30.8055329999999969
 31
0
  0
LINE
  5
1E2
330
1B
100
AcDbEntity
  8
F.Silkscreen
  6
CONTINUOUS
100
AcDbLine
 10
74.1366659999999911
 20
-99.7860089999999929
 30
0
 11
73.803332999999995
 21
-99.7860089999999929
 31
0
  0
LINE
  5
1E3
330
1B
100
AcDbEntity
  8
F.Silkscreen
  6
CONTINUOUS
100
AcDbLine
 10
73.803332999999995
 20
-100.3098189999999903
 30
0
 11
73.803332999999995
 21
-99.3098189999999903
 31
0
  0
LINE
  5
1E4
330
1B
100
AcDbEntity
  8
F.Silkscreen
  6
CONTINUOUS
100
AcDbLine
 10
73.803332999999995
 20
-99.3098189999999903
 30
0
 11
74.2795229999999975
 21
-99.3098189999999903
 31
0
  0
LINE
  5
1E5
330
1B
100
AcDbEntity
  8
F.Silkscreen
  6
CONTINUOUS
100
AcDbLine
 10
75.1842850000000027
 20
-100.3098189999999903
 30
0
 11
74.6128569999999911
 21
-100.3098189999999903
 31
0
  0
LINE
  5
1E6
330
1B
100
AcDbEntity
  8
F.Silkscreen
  6
CONTINUOUS
100
AcDbLine
 10
74.8985709999999898
 20
-100.3098189999999903
 30
0
 11
74.8985709999999898
 21
-99.3098189999999903
 31
0
  0
LINE
  5
1E7
330
1B
100
AcDbEntity
  8
F.Silkscreen
  6
CONTINUOUS
100
AcDbLine
 10
74.8985709999999898
 20
-99.3098189999999903
 30
0
 11
74.803332999999995
 21
-99.4526759999999967
 31
0
  0
LINE
  5
1E8
330
1B
100
AcDbEntity
  8
F.Silkscreen
  6
CONTINUOUS
100
AcDbLine
 10
74.803332999999995
 20
-99.4526759999999967
 30
0
 11
74.7080950000000001
 21
-99.5479139999999916
 31
0
  0
LINE
  5
1E9
330
1B
100
AcDbEntity
  8
F.Silkscreen
  6
CONTINUOUS
100
AcDbLine
 10
74.7080950000000001
 20
-99.5479139999999916
 30
0
 11
74.6128569999999911
 21
-99.595532999999989
 31
0
  0
LINE
  5
1EA
330
1B
100
AcDbEntity
  8
F.Silkscreen
  6
CONTINUOUS
100
AcDbLine
 10
75.1033329999999921
 20
-40.5645799999999994
 30
0
 11
75.0557139999999947
 21
-40.6122000000000014
 31
0
  0
LINE
  5
1EB
330
1B
100
AcDbEntity
  8
F.Silkscreen
  6
CONTINUOUS
100
AcDbLine
 10
75.0557139999999947
 20
-40.6122000000000014
 30
0
 11
74.9128570000000025
 21
-40.6598189999999988
 31
0
  0
LINE
  5
1EC
330
1B
100
AcDbEntity
  8
F.Silkscreen
  6
CONTINUOUS
100
AcDbLine
 10
74.9128570000000025
 20
-40.6598189999999988
 30
0
 11
74.8176189999999934
 21
-40.6598189999999988
 31
0
  0
LINE
  5
1ED
330
1B
100
AcDbEntity
  8
F.Silkscreen
  6
CONTINUOUS
100
AcDbLine
 10
74.8176189999999934
 20
-40.6598189999999988
 30
0
 11
74.6747620000000012
 21
-40.6122000000000014
 31
0
  0
LINE
  5
1EE
330
1B
100
AcDbEntity
  8
F.Silkscreen
  6
CONTINUOUS
100
AcDbLine
 10
74.6747620000000012
 20
-40.6122000000000014
 30
0
 11
74.5795239999999922
 21
-40.5169609999999949
 31
0
  0
LINE
  5
1EF
330
1B
100
AcDbEntity
  8
F.Silkscreen
  6
CONTINUOUS
100
AcDbLine
 10
74.5795239999999922
 20
-40.5169609999999949
 30
0
 11
74.5319049999999947
 21
-40.4217230000000001
 31
0
  0
LINE
  5
1F0
330
1B
100
AcDbEntity
  8
F.Silkscreen
  6
CONTINUOUS
100
AcDbLine
 10
74.5319049999999947
 20
-40.4217230000000001
 30
0
 11
74.4842859999999973
 21
-40.2312469999999962
 31
0
  0
LINE
  5
1F1
330
1B
100
AcDbEntity
  8
F.Silkscreen
  6
CONTINUOUS
100
AcDbLine
 10
74.4842859999999973
 20
-40.2312469999999962
 30
0
 11
74.4842859999999973
 21
-40.0883899999999969
 31
0
  0
LINE
  5
1F2
330
1B
100
AcDbEntity
  8
F.Silkscreen
  6
CONTINUOUS
100
AcDbLine
 10
74.4842859999999973
 20
-40.0883899999999969
 30
0
 11
74.5319049999999947
 21
-39.8979140000000001
 31
0
  0
LINE
  5
1F3
330
1B
100
AcDbEntity
  8
F.Silkscreen
  6
CONTINUOUS
100
AcDbLine
 10
74.5319049999999947
 20
-39.8979140000000001
 30
0
 11
74.5795239999999922
 21
-39.8026759999999982
 31
0
  0
LINE
  5
1F4
330
1B
100
AcDbEntity
  8
F.Silkscreen
  6
CONTINUOUS
100
AcDbLine
 10
74.5795239999999922
 20
-39.8026759999999982
 30
0
 11
74.6747620000000012
 21
-39.7074379999999962
 31
0
  0
LINE
  5
1F5
330
1B
100
AcDbEntity
  8
F.Silkscreen
  6
CONTINUOUS
100
AcDbLine
 10
74.6747620000000012
 20
-39.7074379999999962
 30
0
 11
74.8176189999999934
 21
-39.6598189999999988
 31
0
  0
LINE
  5
1F6
330
1B
100
AcDbEntity
  8
F.Silkscreen
  6
CONTINUOUS
100
AcDbLine
 10
74.8176189999999934
 20
-39.6598189999999988
 30
0
 11
74.9128570000000025
 21
-39.6598189999999988
 31
0
  0
LINE
  5
1F7
330
1B
100
AcDbEntity
  8
F.Silkscreen
  6
CONTINUOUS
100
AcDbLine
 10
74.9128570000000025
 20
-39.6598189999999988
 30
0
 11
75.0557139999999947
 21
-39.7074379999999962
 31
0
  0
LINE
  5
1F8
330
1B
100
AcDbEntity
  8
F.Silkscreen
  6
CONTINUOUS
100
AcDbLine
 10
75.0557139999999947
 20
-39.7074379999999962
 30
0
 11
75.1033329999999921
 21
-39.7550570000000008
 31
0
  0
LINE
  5
1F9
330
1B
100
AcDbEntity
  8
F.Silkscreen
  6
CONTINUOUS
100
AcDbLine
 10
75.4366669999999999
 20
-39.6598189999999988
 30
0
 11
76.1033329999999921
 21
-39.6598189999999988
 31
0
  0
LINE
  5
1FA
330
1B
100
AcDbEntity
  8
F.Silkscreen
  6
CONTINUOUS
100
AcDbLine
 10
76.1033329999999921
 20
-39.6598189999999988
 30
0
 11
75.6747620000000012
 21
-40.6598189999999988
 31
0
  0
LINE
  5
1FB
330
1B
100
AcDbEntity
  8
F.Silkscreen
  6
CONTINUOUS
100
AcDbLine
 10
76.5747609999999952
 20
-85.9300569999999908
 30
0
 11
76.4795230000000004
 21
-85.8824379999999934
 31
0
  0
LINE
  5
1FC
330
1B
100
AcDbEntity
  8
F.Silkscreen
  6
CONTINUOUS
100
AcDbLine
 10
76.4795230000000004
 20
-85.8824379999999934
 30
0
 11
76.3842849999999913
 21
-85.7871999999999986
 31
0
  0
LINE
  5
1FD
330
1B
100
AcDbEntity
  8
F.Silkscreen
  6
CONTINUOUS
100
AcDbLine
 10
76.3842849999999913
 20
-85.7871999999999986
 30
0
 11
76.2414279999999991
 21
-85.6443419999999946
 31
0
  0
LINE
  5
1FE
330
1B
100
AcDbEntity
  8
F.Silkscreen
  6
CONTINUOUS
100
AcDbLine
 10
76.2414279999999991
 20
-85.6443419999999946
 30
0
 11
76.1461899999999901
 21
-85.5967229999999972
 31
0
  0
LINE
  5
1FF
330
1B
100
AcDbEntity
  8
F.Silkscreen
  6
CONTINUOUS
100
AcDbLine
 10
76.1461899999999901
 20
-85.5967229999999972
 30
0
 11
76.0509519999999952
 21
-85.5967229999999972
 31
0
  0
LINE
  5
200
330
1B
100
AcDbEntity
  8
F.Silkscreen
  6
CONTINUOUS
100
AcDbLine
 10
76.0985709999999926
 20
-85.834818999999996
 30
0
 11
76.0033329999999978
 21
-85.7871999999999986
 31
0
  0
LINE
  5
201
330
1B
100
AcDbEntity
  8
F.Silkscreen
  6
CONTINUOUS
100
AcDbLine
 10
76.0033329999999978
 20
-85.7871999999999986
 30
0
 11
75.908095000000003
 21
-85.6919609999999921
 31
0
  0
LINE
  5
202
330
1B
100
AcDbEntity
  8
F.Silkscreen
  6
CONTINUOUS
100
AcDbLine
 10
75.908095000000003
 20
-85.6919609999999921
 30
0
 11
75.8604759999999914
 21
-85.5014850000000024
 31
0
  0
LINE
  5
203
330
1B
100
AcDbEntity
  8
F.Silkscreen
  6
CONTINUOUS
100
AcDbLine
 10
75.8604759999999914
 20
-85.5014850000000024
 30
0
 11
75.8604759999999914
 21
-85.1681519999999921
 31
0
  0
LINE
  5
204
330
1B
100
AcDbEntity
  8
F.Silkscreen
  6
CONTINUOUS
100
AcDbLine
 10
75.8604759999999914
 20
-85.1681519999999921
 30
0
 11
75.908095000000003
 21
-84.9776760000000024
 31
0
  0
LINE
  5
205
330
1B
100
AcDbEntity
  8
F.Silkscreen
  6
CONTINUOUS
100
AcDbLine
 10
75.908095000000003
 20
-84.9776760000000024
 30
0
 11
76.0033329999999978
 21
-84.8824379999999934
 31
0
  0
LINE
  5
206
330
1B
100
AcDbEntity
  8
F.Silkscreen
  6
CONTINUOUS
100
AcDbLine
 10
76.0033329999999978
 20
-84.8824379999999934
 30
0
 11
76.0985709999999926
 21
-84.834818999999996
 31
0
  0
LINE
  5
207
330
1B
100
AcDbEntity
  8
F.Silkscreen
  6
CONTINUOUS
100
AcDbLine
 10
76.0985709999999926
 20
-84.834818999999996
 30
0
 11
76.2890469999999965
 21
-84.834818999999996
 31
0
  0
LINE
  5
208
330
1B
100
AcDbEntity
  8
F.Silkscreen
  6
CONTINUOUS
100
AcDbLine
 10
76.2890469999999965
 20
-84.834818999999996
 30
0
 11
76.3842849999999913
 21
-84.8824379999999934
 31
0
  0
LINE
  5
209
330
1B
100
AcDbEntity
  8
F.Silkscreen
  6
CONTINUOUS
100
AcDbLine
 10
76.3842849999999913
 20
-84.8824379999999934
 30
0
 11
76.4795230000000004
 21
-84.9776760000000024
 31
0
  0
LINE
  5
20A
330
1B
100
AcDbEntity
  8
F.Silkscreen
  6
CONTINUOUS
100
AcDbLine
 10
76.4795230000000004
 20
-84.9776760000000024
 30
0
 11
76.5271419999999978
 21
-85.1681519999999921
 31
0
  0
LINE
  5
20B
330
1B
100
AcDbEntity
  8
F.Silkscreen
  6
CONTINUOUS
100
AcDbLine
 10
76.5271419999999978
 20
-85.1681519999999921
 30
0
 11
76.5271419999999978
 21
-85.5014850000000024
 31
0
  0
LINE
  5
20C
330
1B
100
AcDbEntity
  8
F.Silkscreen
  6
CONTINUOUS
100
AcDbLine
 10
76.5271419999999978
 20
-85.5014850000000024
 30
0
 11
76.4795230000000004
 21
-85.6919609999999921
 31
0
  0
LINE
  5
20D
330
1B
100
AcDbEntity
  8
F.Silkscreen
  6
CONTINUOUS
100
AcDbLine
 10
76.4795230000000004
 20
-85.6919609999999921
 30
0
 11
76.3842849999999913
 21
-85.7871999999999986
 31
0
  0
LINE
  5
20E
330
1B
100
AcDbEntity
  8
F.Silkscreen
  6
CONTINUOUS
100
AcDbLine
 10
76.3842849999999913
 20
-85.7871999999999986
 30
0
 11
76.2890469999999965
 21
-85.834818999999996
 31
0
  0
LINE
  5
20F
330
1B
100
AcDbEntity
  8
F.Silkscreen
  6
CONTINUOUS
100
AcDbLine
 10
76.2890469999999965
 20
-85.834818999999996
 30
0
 11
76.0985709999999926
 21
-85.834818999999996
 31
0
  0
LINE
  5
210
330
1B
100
AcDbEntity
  8
F.Silkscreen
  6
CONTINUOUS
100
AcDbLine
 10
76.8604759999999914
 20
-84.834818999999996
 30
0
 11
77.4795230000000004
 21
-84.834818999999996
 31
0
  0
LINE
  5
211
330
1B
100
AcDbEntity
  8
F.Silkscreen
  6
CONTINUOUS
100
AcDbLine
 10
77.4795230000000004
 20
-84.834818999999996
 30
0
 11
77.1461899999999901
 21
-85.2157709999999895
 31
0
  0
LINE
  5
212
330
1B
100
AcDbEntity
  8
F.Silkscreen
  6
CONTINUOUS
100
AcDbLine
 10
77.1461899999999901
 20
-85.2157709999999895
 30
0
 11
77.2890469999999965
 21
-85.2157709999999895
 31
0
  0
LINE
  5
213
330
1B
100
AcDbEntity
  8
F.Silkscreen
  6
CONTINUOUS
100
AcDbLine
 10
77.2890469999999965
 20
-85.2157709999999895
 30
0
 11
77.3842849999999913
 21
-85.2633900000000011
 31
0
  0
LINE
  5
214
330
1B
100
AcDbEntity
  8
F.Silkscreen
  6
CONTINUOUS
100
AcDbLine
 10
77.3842849999999913
 20
-85.2633900000000011
 30
0
 11
77.431904000000003
 21
-85.3110089999999985
 31
0
  0
LINE
  5
215
330
1B
100
AcDbEntity
  8
F.Silkscreen
  6
CONTINUOUS
100
AcDbLine
 10
77.431904000000003
 20
-85.3110089999999985
 30
0
 11
77.4795230000000004
 21
-85.4062469999999934
 31
0
  0
LINE
  5
216
330
1B
100
AcDbEntity
  8
F.Silkscreen
  6
CONTINUOUS
100
AcDbLine
 10
77.4795230000000004
 20
-85.4062469999999934
 30
0
 11
77.4795230000000004
 21
-85.6443419999999946
 31
0
  0
LINE
  5
217
330
1B
100
AcDbEntity
  8
F.Silkscreen
  6
CONTINUOUS
100
AcDbLine
 10
77.4795230000000004
 20
-85.6443419999999946
 30
0
 11
77.431904000000003
 21
-85.7395799999999895
 31
0
  0
LINE
  5
218
330
1B
100
AcDbEntity
  8
F.Silkscreen
  6
CONTINUOUS
100
AcDbLine
 10
77.431904000000003
 20
-85.7395799999999895
 30
0
 11
77.3842849999999913
 21
-85.7871999999999986
 31
0
  0
LINE
  5
219
330
1B
100
AcDbEntity
  8
F.Silkscreen
  6
CONTINUOUS
100
AcDbLine
 10
77.3842849999999913
 20
-85.7871999999999986
 30
0
 11
77.2890469999999965
 21
-85.834818999999996
 31
0
  0
LINE
  5
21A
330
1B
100
AcDbEntity
  8
F.Silkscreen
  6
CONTINUOUS
100
AcDbLine
 10
77.2890469999999965
 20
-85.834818999999996
 30
0
 11
77.0033329999999978
 21
-85.834818999999996
 31
0
  0
LINE
  5
21B
330
1B
100
AcDbEntity
  8
F.Silkscreen
  6
CONTINUOUS
100
AcDbLine
 10
77.0033329999999978
 20
-85.834818999999996
 30
0
 11
76.908095000000003
 21
-85.7871999999999986
 31
0
  0
LINE
  5
21C
330
1B
100
AcDbEntity
  8
F.Silkscreen
  6
CONTINUOUS
100
AcDbLine
 10
76.908095000000003
 20
-85.7871999999999986
 30
0
 11
76.8604759999999914
 21
-85.7395799999999895
 31
0
  0
LINE
  5
21D
330
1B
100
AcDbEntity
  8
F.Silkscreen
  6
CONTINUOUS
100
AcDbLine
 10
76.0319049999999947
 20
-63.9098189999999988
 30
0
 11
76.0319049999999947
 21
-62.9098189999999988
 31
0
  0
LINE
  5
21E
330
1B
100
AcDbEntity
  8
F.Silkscreen
  6
CONTINUOUS
100
AcDbLine
 10
76.0319049999999947
 20
-62.9098189999999988
 30
0
 11
76.269999999999996
 21
-62.9098189999999988
 31
0
  0
LINE
  5
21F
330
1B
100
AcDbEntity
  8
F.Silkscreen
  6
CONTINUOUS
100
AcDbLine
 10
76.269999999999996
 20
-62.9098189999999988
 30
0
 11
76.4128570000000025
 21
-62.9574379999999962
 31
0
  0
LINE
  5
220
330
1B
100
AcDbEntity
  8
F.Silkscreen
  6
CONTINUOUS
100
AcDbLine
 10
76.4128570000000025
 20
-62.9574379999999962
 30
0
 11
76.5080949999999973
 21
-63.0526759999999982
 31
0
  0
LINE
  5
221
330
1B
100
AcDbEntity
  8
F.Silkscreen
  6
CONTINUOUS
100
AcDbLine
 10
76.5080949999999973
 20
-63.0526759999999982
 30
0
 11
76.5557139999999947
 21
-63.1479140000000001
 31
0
  0
LINE
  5
222
330
1B
100
AcDbEntity
  8
F.Silkscreen
  6
CONTINUOUS
100
AcDbLine
 10
76.5557139999999947
 20
-63.1479140000000001
 30
0
 11
76.6033329999999921
 21
-63.3383899999999969
 31
0
  0
LINE
  5
223
330
1B
100
AcDbEntity
  8
F.Silkscreen
  6
CONTINUOUS
100
AcDbLine
 10
76.6033329999999921
 20
-63.3383899999999969
 30
0
 11
76.6033329999999921
 21
-63.4812469999999962
 31
0
  0
LINE
  5
224
330
1B
100
AcDbEntity
  8
F.Silkscreen
  6
CONTINUOUS
100
AcDbLine
 10
76.6033329999999921
 20
-63.4812469999999962
 30
0
 11
76.5557139999999947
 21
-63.6717230000000001
 31
0
  0
LINE
  5
225
330
1B
100
AcDbEntity
  8
F.Silkscreen
  6
CONTINUOUS
100
AcDbLine
 10
76.5557139999999947
 20
-63.6717230000000001
 30
0
 11
76.5080949999999973
 21
-63.7669609999999949
 31
0
  0
LINE
  5
226
330
1B
100
AcDbEntity
  8
F.Silkscreen
  6
CONTINUOUS
100
AcDbLine
 10
76.5080949999999973
 20
-63.7669609999999949
 30
0
 11
76.4128570000000025
 21
-63.8621999999999943
 31
0
  0
LINE
  5
227
330
1B
100
AcDbEntity
  8
F.Silkscreen
  6
CONTINUOUS
100
AcDbLine
 10
76.4128570000000025
 20
-63.8621999999999943
 30
0
 11
76.269999999999996
 21
-63.9098189999999988
 31
0
  0
LINE
  5
228
330
1B
100
AcDbEntity
  8
F.Silkscreen
  6
CONTINUOUS
100
AcDbLine
 10
76.269999999999996
 20
-63.9098189999999988
 30
0
 11
76.0319049999999947
 21
-63.9098189999999988
 31
0
  0
LINE
  5
229
330
1B
100
AcDbEntity
  8
F.Silkscreen
  6
CONTINUOUS
100
AcDbLine
 10
76.9366669999999999
 20
-62.9098189999999988
 30
0
 11
77.5557139999999947
 21
-62.9098189999999988
 31
0
  0
LINE
  5
22A
330
1B
100
AcDbEntity
  8
F.Silkscreen
  6
CONTINUOUS
100
AcDbLine
 10
77.5557139999999947
 20
-62.9098189999999988
 30
0
 11
77.2223809999999986
 21
-63.2907709999999994
 31
0
  0
LINE
  5
22B
330
1B
100
AcDbEntity
  8
F.Silkscreen
  6
CONTINUOUS
100
AcDbLine
 10
77.2223809999999986
 20
-63.2907709999999994
 30
0
 11
77.3652379999999908
 21
-63.2907709999999994
 31
0
  0
LINE
  5
22C
330
1B
100
AcDbEntity
  8
F.Silkscreen
  6
CONTINUOUS
100
AcDbLine
 10
77.3652379999999908
 20
-63.2907709999999994
 30
0
 11
77.4604759999999999
 21
-63.3383899999999969
 31
0
  0
LINE
  5
22D
330
1B
100
AcDbEntity
  8
F.Silkscreen
  6
CONTINUOUS
100
AcDbLine
 10
77.4604759999999999
 20
-63.3383899999999969
 30
0
 11
77.5080949999999973
 21
-63.3860089999999943
 31
0
  0
LINE
  5
22E
330
1B
100
AcDbEntity
  8
F.Silkscreen
  6
CONTINUOUS
100
AcDbLine
 10
77.5080949999999973
 20
-63.3860089999999943
 30
0
 11
77.5557139999999947
 21
-63.4812469999999962
 31
0
  0
LINE
  5
22F
330
1B
100
AcDbEntity
  8
F.Silkscreen
  6
CONTINUOUS
100
AcDbLine
 10
77.5557139999999947
 20
-63.4812469999999962
 30
0
 11
77.5557139999999947
 21
-63.7193419999999975
 31
0
  0
LINE
  5
230
330
1B
100
AcDbEntity
  8
F.Silkscreen
  6
CONTINUOUS
100
AcDbLine
 10
77.5557139999999947
 20
-63.7193419999999975
 30
0
 11
77.5080949999999973
 21
-63.8145799999999994
 31
0
  0
LINE
  5
231
330
1B
100
AcDbEntity
  8
F.Silkscreen
  6
CONTINUOUS
100
AcDbLine
 10
77.5080949999999973
 20
-63.8145799999999994
 30
0
 11
77.4604759999999999
 21
-63.8621999999999943
 31
0
  0
LINE
  5
232
330
1B
100
AcDbEntity
  8
F.Silkscreen
  6
CONTINUOUS
100
AcDbLine
 10
77.4604759999999999
 20
-63.8621999999999943
 30
0
 11
77.3652379999999908
 21
-63.9098189999999988
 31
0
  0
LINE
  5
233
330
1B
100
AcDbEntity
  8
F.Silkscreen
  6
CONTINUOUS
100
AcDbLine
 10
77.3652379999999908
 20
-63.9098189999999988
 30
0
 11
77.0795239999999922
 21
-63.9098189999999988
 31
0
  0
LINE
  5
234
330
1B
100
AcDbEntity
  8
F.Silkscreen
  6
CONTINUOUS
100
AcDbLine
 10
77.0795239999999922
 20
-63.9098189999999988
 30
0
 11
76.9842859999999973
 21
-63.8621999999999943
 31
0
  0
LINE
  5
235
330
1B
100
AcDbEntity
  8
F.Silkscreen
  6
CONTINUOUS
100
AcDbLine
 10
76.9842859999999973
 20
-63.8621999999999943
 30
0
 11
76.9366669999999999
 21
-63.8145799999999994
 31
0
  0
LINE
  5
236
330
1B
100
AcDbEntity
  8
F.Silkscreen
  6
CONTINUOUS
100
AcDbLine
 10
78.7080950000000001
 20
-45.5098190000000002
 30
0
 11
78.7080950000000001
 21
-46.3193419999999989
 31
0
  0
LINE
  5
237
330
1B
100
AcDbEntity
  8
F.Silkscreen
  6
CONTINUOUS
100
AcDbLine
 10
78.7080950000000001
 20
-46.3193419999999989
 30
0
 11
78.7557139999999976
 21
-46.4145800000000008
 31
0
  0
LINE
  5
238
330
1B
100
AcDbEntity
  8
F.Silkscreen
  6
CONTINUOUS
100
AcDbLine
 10
78.7557139999999976
 20
-46.4145800000000008
 30
0
 11
78.803332999999995
 21
-46.4621999999999957
 31
0
  0
LINE
  5
239
330
1B
100
AcDbEntity
  8
F.Silkscreen
  6
CONTINUOUS
100
AcDbLine
 10
78.803332999999995
 20
-46.4621999999999957
 30
0
 11
78.8985709999999898
 21
-46.5098190000000002
 31
0
  0
LINE
  5
23A
330
1B
100
AcDbEntity
  8
F.Silkscreen
  6
CONTINUOUS
100
AcDbLine
 10
78.8985709999999898
 20
-46.5098190000000002
 30
0
 11
79.0890469999999937
 21
-46.5098190000000002
 31
0
  0
LINE
  5
23B
330
1B
100
AcDbEntity
  8
F.Silkscreen
  6
CONTINUOUS
100
AcDbLine
 10
79.0890469999999937
 20
-46.5098190000000002
 30
0
 11
79.1842850000000027
 21
-46.4621999999999957
 31
0
  0
LINE
  5
23C
330
1B
100
AcDbEntity
  8
F.Silkscreen
  6
CONTINUOUS
100
AcDbLine
 10
79.1842850000000027
 20
-46.4621999999999957
 30
0
 11
79.2319040000000001
 21
-46.4145800000000008
 31
0
  0
LINE
  5
23D
330
1B
100
AcDbEntity
  8
F.Silkscreen
  6
CONTINUOUS
100
AcDbLine
 10
79.2319040000000001
 20
-46.4145800000000008
 30
0
 11
79.2795229999999975
 21
-46.3193419999999989
 31
0
  0
LINE
  5
23E
330
1B
100
AcDbEntity
  8
F.Silkscreen
  6
CONTINUOUS
100
AcDbLine
 10
79.2795229999999975
 20
-46.3193419999999989
 30
0
 11
79.2795229999999975
 21
-45.5098190000000002
 31
0
  0
LINE
  5
23F
330
1B
100
AcDbEntity
  8
F.Silkscreen
  6
CONTINUOUS
100
AcDbLine
 10
79.6604760000000027
 20
-45.5098190000000002
 30
0
 11
80.2795229999999975
 21
-45.5098190000000002
 31
0
  0
LINE
  5
240
330
1B
100
AcDbEntity
  8
F.Silkscreen
  6
CONTINUOUS
100
AcDbLine
 10
80.2795229999999975
 20
-45.5098190000000002
 30
0
 11
79.9461900000000014
 21
-45.8907710000000009
 31
0
  0
LINE
  5
241
330
1B
100
AcDbEntity
  8
F.Silkscreen
  6
CONTINUOUS
100
AcDbLine
 10
79.9461900000000014
 20
-45.8907710000000009
 30
0
 11
80.0890469999999937
 21
-45.8907710000000009
 31
0
  0
LINE
  5
242
330
1B
100
AcDbEntity
  8
F.Silkscreen
  6
CONTINUOUS
100
AcDbLine
 10
80.0890469999999937
 20
-45.8907710000000009
 30
0
 11
80.1842850000000027
 21
-45.9383899999999983
 31
0
  0
LINE
  5
243
330
1B
100
AcDbEntity
  8
F.Silkscreen
  6
CONTINUOUS
100
AcDbLine
 10
80.1842850000000027
 20
-45.9383899999999983
 30
0
 11
80.2319040000000001
 21
-45.9860089999999957
 31
0
  0
LINE
  5
244
330
1B
100
AcDbEntity
  8
F.Silkscreen
  6
CONTINUOUS
100
AcDbLine
 10
80.2319040000000001
 20
-45.9860089999999957
 30
0
 11
80.2795229999999975
 21
-46.0812469999999976
 31
0
  0
LINE
  5
245
330
1B
100
AcDbEntity
  8
F.Silkscreen
  6
CONTINUOUS
100
AcDbLine
 10
80.2795229999999975
 20
-46.0812469999999976
 30
0
 11
80.2795229999999975
 21
-46.3193419999999989
 31
0
  0
LINE
  5
246
330
1B
100
AcDbEntity
  8
F.Silkscreen
  6
CONTINUOUS
100
AcDbLine
 10
80.2795229999999975
 20
-46.3193419999999989
 30
0
 11
80.2319040000000001
 21
-46.4145800000000008
 31
0
  0
LINE
  5
247
330
1B
100
AcDbEntity
  8
F.Silkscreen
  6
CONTINUOUS
100
AcDbLine
 10
80.2319040000000001
 20
-46.4145800000000008
 30
0
 11
80.1842850000000027
 21
-46.4621999999999957
 31
0
  0
LINE
  5
248
330
1B
100
AcDbEntity
  8
F.Silkscreen
  6
CONTINUOUS
100
AcDbLine
 10
80.1842850000000027
 20
-46.4621999999999957
 30
0
 11
80.0890469999999937
 21
-46.5098190000000002
 31
0
  0
LINE
  5
249
330
1B
100
AcDbEntity
  8
F.Silkscreen
  6
CONTINUOUS
100
AcDbLine
 10
80.0890469999999937
 20
-46.5098190000000002
 30
0
 11
79.803332999999995
 21
-46.5098190000000002
 31
0
  0
LINE
  5
24A
330
1B
100
AcDbEntity
  8
F.Silkscreen
  6
CONTINUOUS
100
AcDbLine
 10
79.803332999999995
 20
-46.5098190000000002
 30
0
 11
79.7080950000000001
 21
-46.4621999999999957
 31
0
  0
LINE
  5
24B
330
1B
100
AcDbEntity
  8
F.Silkscreen
  6
CONTINUOUS
100
AcDbLine
 10
79.7080950000000001
 20
-46.4621999999999957
 30
0
 11
79.6604760000000027
 21
-46.4145800000000008
 31
0
  0
LINE
  5
24C
330
1B
100
AcDbEntity
  8
F.Silkscreen
  6
CONTINUOUS
100
AcDbLine
 10
83.4033329999999893
 20
-40.5645799999999994
 30
0
 11
83.3557139999999919
 21
-40.6122000000000014
 31
0
  0
LINE
  5
24D
330
1B
100
AcDbEntity
  8
F.Silkscreen
  6
CONTINUOUS
100
AcDbLine
 10
83.3557139999999919
 20
-40.6122000000000014
 30
0
 11
83.2128569999999996
 21
-40.6598189999999988
 31
0
  0
LINE
  5
24E
330
1B
100
AcDbEntity
  8
F.Silkscreen
  6
CONTINUOUS
100
AcDbLine
 10
83.2128569999999996
 20
-40.6598189999999988
 30
0
 11
83.1176189999999906
 21
-40.6598189999999988
 31
0
  0
LINE
  5
24F
330
1B
100
AcDbEntity
  8
F.Silkscreen
  6
CONTINUOUS
100
AcDbLine
 10
83.1176189999999906
 20
-40.6598189999999988
 30
0
 11
82.9747619999999984
 21
-40.6122000000000014
 31
0
  0
LINE
  5
250
330
1B
100
AcDbEntity
  8
F.Silkscreen
  6
CONTINUOUS
100
AcDbLine
 10
82.9747619999999984
 20
-40.6122000000000014
 30
0
 11
82.8795239999999893
 21
-40.5169609999999949
 31
0
  0
LINE
  5
251
330
1B
100
AcDbEntity
  8
F.Silkscreen
  6
CONTINUOUS
100
AcDbLine
 10
82.8795239999999893
 20
-40.5169609999999949
 30
0
 11
82.8319049999999919
 21
-40.4217230000000001
 31
0
  0
LINE
  5
252
330
1B
100
AcDbEntity
  8
F.Silkscreen
  6
CONTINUOUS
100
AcDbLine
 10
82.8319049999999919
 20
-40.4217230000000001
 30
0
 11
82.7842859999999945
 21
-40.2312469999999962
 31
0
  0
LINE
  5
253
330
1B
100
AcDbEntity
  8
F.Silkscreen
  6
CONTINUOUS
100
AcDbLine
 10
82.7842859999999945
 20
-40.2312469999999962
 30
0
 11
82.7842859999999945
 21
-40.0883899999999969
 31
0
  0
LINE
  5
254
330
1B
100
AcDbEntity
  8
F.Silkscreen
  6
CONTINUOUS
100
AcDbLine
 10
82.7842859999999945
 20
-40.0883899999999969
 30
0
 11
82.8319049999999919
 21
-39.8979140000000001
 31
0
  0
LINE
  5
255
330
1B
100
AcDbEntity
  8
F.Silkscreen
  6
CONTINUOUS
100
AcDbLine
 10
82.8319049999999919
 20
-39.8979140000000001
 30
0
 11
82.8795239999999893
 21
-39.8026759999999982
 31
0
  0
LINE
  5
256
330
1B
100
AcDbEntity
  8
F.Silkscreen
  6
CONTINUOUS
100
AcDbLine
 10
82.8795239999999893
 20
-39.8026759999999982
 30
0
 11
82.9747619999999984
 21
-39.7074379999999962
 31
0
  0
LINE
  5
257
330
1B
100
AcDbEntity
  8
F.Silkscreen
  6
CONTINUOUS
100
AcDbLine
 10
82.9747619999999984
 20
-39.7074379999999962
 30
0
 11
83.1176189999999906
 21
-39.6598189999999988
 31
0
  0
LINE
  5
258
330
1B
100
AcDbEntity
  8
F.Silkscreen
  6
CONTINUOUS
100
AcDbLine
 10
83.1176189999999906
 20
-39.6598189999999988
 30
0
 11
83.2128569999999996
 21
-39.6598189999999988
 31
0
  0
LINE
  5
259
330
1B
100
AcDbEntity
  8
F.Silkscreen
  6
CONTINUOUS
100
AcDbLine
 10
83.2128569999999996
 20
-39.6598189999999988
 30
0
 11
83.3557139999999919
 21
-39.7074379999999962
 31
0
  0
LINE
  5
25A
330
1B
100
AcDbEntity
  8
F.Silkscreen
  6
CONTINUOUS
100
AcDbLine
 10
83.3557139999999919
 20
-39.7074379999999962
 30
0
 11
83.4033329999999893
 21
-39.7550570000000008
 31
0
  0
LINE
  5
25B
330
1B
100
AcDbEntity
  8
F.Silkscreen
  6
CONTINUOUS
100
AcDbLine
 10
83.9747619999999984
 20
-40.0883899999999969
 30
0
 11
83.8795239999999893
 21
-40.0407709999999994
 31
0
  0
LINE
  5
25C
330
1B
100
AcDbEntity
  8
F.Silkscreen
  6
CONTINUOUS
100
AcDbLine
 10
83.8795239999999893
 20
-40.0407709999999994
 30
0
 11
83.8319049999999919
 21
-39.9931519999999949
 31
0
  0
LINE
  5
25D
330
1B
100
AcDbEntity
  8
F.Silkscreen
  6
CONTINUOUS
100
AcDbLine
 10
83.8319049999999919
 20
-39.9931519999999949
 30
0
 11
83.7842859999999945
 21
-39.8979140000000001
 31
0
  0
LINE
  5
25E
330
1B
100
AcDbEntity
  8
F.Silkscreen
  6
CONTINUOUS
100
AcDbLine
 10
83.7842859999999945
 20
-39.8979140000000001
 30
0
 11
83.7842859999999945
 21
-39.8502949999999956
 31
0
  0
LINE
  5
25F
330
1B
100
AcDbEntity
  8
F.Silkscreen
  6
CONTINUOUS
100
AcDbLine
 10
83.7842859999999945
 20
-39.8502949999999956
 30
0
 11
83.8319049999999919
 21
-39.7550570000000008
 31
0
  0
LINE
  5
260
330
1B
100
AcDbEntity
  8
F.Silkscreen
  6
CONTINUOUS
100
AcDbLine
 10
83.8319049999999919
 20
-39.7550570000000008
 30
0
 11
83.8795239999999893
 21
-39.7074379999999962
 31
0
  0
LINE
  5
261
330
1B
100
AcDbEntity
  8
F.Silkscreen
  6
CONTINUOUS
100
AcDbLine
 10
83.8795239999999893
 20
-39.7074379999999962
 30
0
 11
83.9747619999999984
 21
-39.6598189999999988
 31
0
  0
LINE
  5
262
330
1B
100
AcDbEntity
  8
F.Silkscreen
  6
CONTINUOUS
100
AcDbLine
 10
83.9747619999999984
 20
-39.6598189999999988
 30
0
 11
84.1652380000000022
 21
-39.6598189999999988
 31
0
  0
LINE
  5
263
330
1B
100
AcDbEntity
  8
F.Silkscreen
  6
CONTINUOUS
100
AcDbLine
 10
84.1652380000000022
 20
-39.6598189999999988
 30
0
 11
84.260475999999997
 21
-39.7074379999999962
 31
0
  0
LINE
  5
264
330
1B
100
AcDbEntity
  8
F.Silkscreen
  6
CONTINUOUS
100
AcDbLine
 10
84.260475999999997
 20
-39.7074379999999962
 30
0
 11
84.3080949999999945
 21
-39.7550570000000008
 31
0
  0
LINE
  5
265
330
1B
100
AcDbEntity
  8
F.Silkscreen
  6
CONTINUOUS
100
AcDbLine
 10
84.3080949999999945
 20
-39.7550570000000008
 30
0
 11
84.3557139999999919
 21
-39.8502949999999956
 31
0
  0
LINE
  5
266
330
1B
100
AcDbEntity
  8
F.Silkscreen
  6
CONTINUOUS
100
AcDbLine
 10
84.3557139999999919
 20
-39.8502949999999956
 30
0
 11
84.3557139999999919
 21
-39.8979140000000001
 31
0
  0
LINE
  5
267
330
1B
100
AcDbEntity
  8
F.Silkscreen
  6
CONTINUOUS
100
AcDbLine
 10
84.3557139999999919
 20
-39.8979140000000001
 30
0
 11
84.3080949999999945
 21
-39.9931519999999949
 31
0
  0
LINE
  5
268
330
1B
100
AcDbEntity
  8
F.Silkscreen
  6
CONTINUOUS
100
AcDbLine
 10
84.3080949999999945
 20
-39.9931519999999949
 30
0
 11
84.260475999999997
 21
-40.0407709999999994
 31
0
  0
LINE
  5
269
330
1B
100
AcDbEntity
  8
F.Silkscreen
  6
CONTINUOUS
100
AcDbLine
 10
84.260475999999997
 20
-40.0407709999999994
 30
0
 11
84.1652380000000022
 21
-40.0883899999999969
 31
0
  0
LINE
  5
26A
330
1B
100
AcDbEntity
  8
F.Silkscreen
  6
CONTINUOUS
100
AcDbLine
 10
84.1652380000000022
 20
-40.0883899999999969
 30
0
 11
83.9747619999999984
 21
-40.0883899999999969
 31
0
  0
LINE
  5
26B
330
1B
100
AcDbEntity
  8
F.Silkscreen
  6
CONTINUOUS
100
AcDbLine
 10
83.9747619999999984
 20
-40.0883899999999969
 30
0
 11
83.8795239999999893
 21
-40.1360090000000014
 31
0
  0
LINE
  5
26C
330
1B
100
AcDbEntity
  8
F.Silkscreen
  6
CONTINUOUS
100
AcDbLine
 10
83.8795239999999893
 20
-40.1360090000000014
 30
0
 11
83.8319049999999919
 21
-40.1836279999999988
 31
0
  0
LINE
  5
26D
330
1B
100
AcDbEntity
  8
F.Silkscreen
  6
CONTINUOUS
100
AcDbLine
 10
83.8319049999999919
 20
-40.1836279999999988
 30
0
 11
83.7842859999999945
 21
-40.2788660000000007
 31
0
  0
LINE
  5
26E
330
1B
100
AcDbEntity
  8
F.Silkscreen
  6
CONTINUOUS
100
AcDbLine
 10
83.7842859999999945
 20
-40.2788660000000007
 30
0
 11
83.7842859999999945
 21
-40.4693419999999975
 31
0
  0
LINE
  5
26F
330
1B
100
AcDbEntity
  8
F.Silkscreen
  6
CONTINUOUS
100
AcDbLine
 10
83.7842859999999945
 20
-40.4693419999999975
 30
0
 11
83.8319049999999919
 21
-40.5645799999999994
 31
0
  0
LINE
  5
270
330
1B
100
AcDbEntity
  8
F.Silkscreen
  6
CONTINUOUS
100
AcDbLine
 10
83.8319049999999919
 20
-40.5645799999999994
 30
0
 11
83.8795239999999893
 21
-40.6122000000000014
 31
0
  0
LINE
  5
271
330
1B
100
AcDbEntity
  8
F.Silkscreen
  6
CONTINUOUS
100
AcDbLine
 10
83.8795239999999893
 20
-40.6122000000000014
 30
0
 11
83.9747619999999984
 21
-40.6598189999999988
 31
0
  0
LINE
  5
272
330
1B
100
AcDbEntity
  8
F.Silkscreen
  6
CONTINUOUS
100
AcDbLine
 10
83.9747619999999984
 20
-40.6598189999999988
 30
0
 11
84.1652380000000022
 21
-40.6598189999999988
 31
0
  0
LINE
  5
273
330
1B
100
AcDbEntity
  8
F.Silkscreen
  6
CONTINUOUS
100
AcDbLine
 10
84.1652380000000022
 20
-40.6598189999999988
 30
0
 11
84.260475999999997
 21
-40.6122000000000014
 31
0
  0
LINE
  5
274
330
1B
100
AcDbEntity
  8
F.Silkscreen
  6
CONTINUOUS
100
AcDbLine
 10
84.260475999999997
 20
-40.6122000000000014
 30
0
 11
84.3080949999999945
 21
-40.5645799999999994
 31
0
  0
LINE
  5
275
330
1B
100
AcDbEntity
  8
F.Silkscreen
  6
CONTINUOUS
100
AcDbLine
 10
84.3080949999999945
 20
-40.5645799999999994
 30
0
 11
84.3557139999999919
 21
-40.4693419999999975
 31
0
  0
LINE
  5
276
330
1B
100
AcDbEntity
  8
F.Silkscreen
  6
CONTINUOUS
100
AcDbLine
 10
84.3557139999999919
 20
-40.4693419999999975
 30
0
 11
84.3557139999999919
 21
-40.2788660000000007
 31
0
  0
LINE
  5
277
330
1B
100
AcDbEntity
  8
F.Silkscreen
  6
CONTINUOUS
100
AcDbLine
 10
84.3557139999999919
 20
-40.2788660000000007
 30
0
 11
84.3080949999999945
 21
-40.1836279999999988
 31
0
  0
LINE
  5
278
330
1B
100
AcDbEntity
  8
F.Silkscreen
  6
CONTINUOUS
100
AcDbLine
 10
84.3080949999999945
 20
-40.1836279999999988
 30
0
 11
84.260475999999997
 21
-40.1360090000000014
 31
0
  0
LINE
  5
279
330
1B
100
AcDbEntity
  8
F.Silkscreen
  6
CONTINUOUS
100
AcDbLine
 10
84.260475999999997
 20
-40.1360090000000014
 30
0
 11
84.1652380000000022
 21
-40.0883899999999969
 31
0
  0
LINE
  5
27A
330
1B
100
AcDbEntity
  8
F.Silkscreen
  6
CONTINUOUS
100
AcDbLine
 10
83.5033329999999978
 20
-77.1645800000000008
 30
0
 11
83.4557140000000004
 21
-77.2121999999999957
 31
0
  0
LINE
  5
27B
330
1B
100
AcDbEntity
  8
F.Silkscreen
  6
CONTINUOUS
100
AcDbLine
 10
83.4557140000000004
 20
-77.2121999999999957
 30
0
 11
83.3128569999999939
 21
-77.2598189999999931
 31
0
  0
LINE
  5
27C
330
1B
100
AcDbEntity
  8
F.Silkscreen
  6
CONTINUOUS
100
AcDbLine
 10
83.3128569999999939
 20
-77.2598189999999931
 30
0
 11
83.2176189999999991
 21
-77.2598189999999931
 31
0
  0
LINE
  5
27D
330
1B
100
AcDbEntity
  8
F.Silkscreen
  6
CONTINUOUS
100
AcDbLine
 10
83.2176189999999991
 20
-77.2598189999999931
 30
0
 11
83.0747619999999927
 21
-77.2121999999999957
 31
0
  0
LINE
  5
27E
330
1B
100
AcDbEntity
  8
F.Silkscreen
  6
CONTINUOUS
100
AcDbLine
 10
83.0747619999999927
 20
-77.2121999999999957
 30
0
 11
82.9795239999999978
 21
-77.1169610000000034
 31
0
  0
LINE
  5
27F
330
1B
100
AcDbEntity
  8
F.Silkscreen
  6
CONTINUOUS
100
AcDbLine
 10
82.9795239999999978
 20
-77.1169610000000034
 30
0
 11
82.9319050000000004
 21
-77.0217229999999944
 31
0
  0
LINE
  5
280
330
1B
100
AcDbEntity
  8
F.Silkscreen
  6
CONTINUOUS
100
AcDbLine
 10
82.9319050000000004
 20
-77.0217229999999944
 30
0
 11
82.884286000000003
 21
-76.8312469999999905
 31
0
  0
LINE
  5
281
330
1B
100
AcDbEntity
  8
F.Silkscreen
  6
CONTINUOUS
100
AcDbLine
 10
82.884286000000003
 20
-76.8312469999999905
 30
0
 11
82.884286000000003
 21
-76.6883899999999983
 31
0
  0
LINE
  5
282
330
1B
100
AcDbEntity
  8
F.Silkscreen
  6
CONTINUOUS
100
AcDbLine
 10
82.884286000000003
 20
-76.6883899999999983
 30
0
 11
82.9319050000000004
 21
-76.4979139999999944
 31
0
  0
LINE
  5
283
330
1B
100
AcDbEntity
  8
F.Silkscreen
  6
CONTINUOUS
100
AcDbLine
 10
82.9319050000000004
 20
-76.4979139999999944
 30
0
 11
82.9795239999999978
 21
-76.4026759999999996
 31
0
  0
LINE
  5
284
330
1B
100
AcDbEntity
  8
F.Silkscreen
  6
CONTINUOUS
100
AcDbLine
 10
82.9795239999999978
 20
-76.4026759999999996
 30
0
 11
83.0747619999999927
 21
-76.3074379999999906
 31
0
  0
LINE
  5
285
330
1B
100
AcDbEntity
  8
F.Silkscreen
  6
CONTINUOUS
100
AcDbLine
 10
83.0747619999999927
 20
-76.3074379999999906
 30
0
 11
83.2176189999999991
 21
-76.2598189999999931
 31
0
  0
LINE
  5
286
330
1B
100
AcDbEntity
  8
F.Silkscreen
  6
CONTINUOUS
100
AcDbLine
 10
83.2176189999999991
 20
-76.2598189999999931
 30
0
 11
83.3128569999999939
 21
-76.2598189999999931
 31
0
  0
LINE
  5
287
330
1B
100
AcDbEntity
  8
F.Silkscreen
  6
CONTINUOUS
100
AcDbLine
 10
83.3128569999999939
 20
-76.2598189999999931
 30
0
 11
83.4557140000000004
 21
-76.3074379999999906
 31
0
  0
LINE
  5
288
330
1B
100
AcDbEntity
  8
F.Silkscreen
  6
CONTINUOUS
100
AcDbLine
 10
83.4557140000000004
 20
-76.3074379999999906
 30
0
 11
83.5033329999999978
 21
-76.3550570000000022
 31
0
  0
LINE
  5
289
330
1B
100
AcDbEntity
  8
F.Silkscreen
  6
CONTINUOUS
100
AcDbLine
 10
83.8366669999999914
 20
-76.2598189999999931
 30
0
 11
84.4557140000000004
 21
-76.2598189999999931
 31
0
  0
LINE
  5
28A
330
1B
100
AcDbEntity
  8
F.Silkscreen
  6
CONTINUOUS
100
AcDbLine
 10
84.4557140000000004
 20
-76.2598189999999931
 30
0
 11
84.1223809999999901
 21
-76.6407710000000009
 31
0
  0
LINE
  5
28B
330
1B
100
AcDbEntity
  8
F.Silkscreen
  6
CONTINUOUS
100
AcDbLine
 10
84.1223809999999901
 20
-76.6407710000000009
 30
0
 11
84.2652379999999965
 21
-76.6407710000000009
 31
0
  0
LINE
  5
28C
330
1B
100
AcDbEntity
  8
F.Silkscreen
  6
CONTINUOUS
100
AcDbLine
 10
84.2652379999999965
 20
-76.6407710000000009
 30
0
 11
84.3604759999999914
 21
-76.6883899999999983
 31
0
  0
LINE
  5
28D
330
1B
100
AcDbEntity
  8
F.Silkscreen
  6
CONTINUOUS
100
AcDbLine
 10
84.3604759999999914
 20
-76.6883899999999983
 30
0
 11
84.408095000000003
 21
-76.7360089999999957
 31
0
  0
LINE
  5
28E
330
1B
100
AcDbEntity
  8
F.Silkscreen
  6
CONTINUOUS
100
AcDbLine
 10
84.408095000000003
 20
-76.7360089999999957
 30
0
 11
84.4557140000000004
 21
-76.8312469999999905
 31
0
  0
LINE
  5
28F
330
1B
100
AcDbEntity
  8
F.Silkscreen
  6
CONTINUOUS
100
AcDbLine
 10
84.4557140000000004
 20
-76.8312469999999905
 30
0
 11
84.4557140000000004
 21
-77.0693419999999918
 31
0
  0
LINE
  5
290
330
1B
100
AcDbEntity
  8
F.Silkscreen
  6
CONTINUOUS
100
AcDbLine
 10
84.4557140000000004
 20
-77.0693419999999918
 30
0
 11
84.408095000000003
 21
-77.1645800000000008
 31
0
  0
LINE
  5
291
330
1B
100
AcDbEntity
  8
F.Silkscreen
  6
CONTINUOUS
100
AcDbLine
 10
84.408095000000003
 20
-77.1645800000000008
 30
0
 11
84.3604759999999914
 21
-77.2121999999999957
 31
0
  0
LINE
  5
292
330
1B
100
AcDbEntity
  8
F.Silkscreen
  6
CONTINUOUS
100
AcDbLine
 10
84.3604759999999914
 20
-77.2121999999999957
 30
0
 11
84.2652379999999965
 21
-77.2598189999999931
 31
0
  0
LINE
  5
293
330
1B
100
AcDbEntity
  8
F.Silkscreen
  6
CONTINUOUS
100
AcDbLine
 10
84.2652379999999965
 20
-77.2598189999999931
 30
0
 11
83.9795239999999978
 21
-77.2598189999999931
 31
0
  0
LINE
  5
294
330
1B
100
AcDbEntity
  8
F.Silkscreen
  6
CONTINUOUS
100
AcDbLine
 10
83.9795239999999978
 20
-77.2598189999999931
 30
0
 11
83.884286000000003
 21
-77.2121999999999957
 31
0
  0
LINE
  5
295
330
1B
100
AcDbEntity
  8
F.Silkscreen
  6
CONTINUOUS
100
AcDbLine
 10
83.884286000000003
 20
-77.2121999999999957
 30
0
 11
83.8366669999999914
 21
-77.1645800000000008
 31
0
  0
LINE
  5
296
330
1B
100
AcDbEntity
  8
F.Silkscreen
  6
CONTINUOUS
100
AcDbLine
 10
84.0271419999999978
 20
-22.6598189999999988
 30
0
 11
83.6938090000000017
 21
-22.1836279999999988
 31
0
  0
LINE
  5
297
330
1B
100
AcDbEntity
  8
F.Silkscreen
  6
CONTINUOUS
100
AcDbLine
 10
83.4557140000000004
 20
-22.6598189999999988
 30
0
 11
83.4557140000000004
 21
-21.6598189999999988
 31
0
  0
LINE
  5
298
330
1B
100
AcDbEntity
  8
F.Silkscreen
  6
CONTINUOUS
100
AcDbLine
 10
83.4557140000000004
 20
-21.6598189999999988
 30
0
 11
83.8366659999999939
 21
-21.6598189999999988
 31
0
  0
LINE
  5
299
330
1B
100
AcDbEntity
  8
F.Silkscreen
  6
CONTINUOUS
100
AcDbLine
 10
83.8366659999999939
 20
-21.6598189999999988
 30
0
 11
83.931904000000003
 21
-21.7074379999999998
 31
0
  0
LINE
  5
29A
330
1B
100
AcDbEntity
  8
F.Silkscreen
  6
CONTINUOUS
100
AcDbLine
 10
83.931904000000003
 20
-21.7074379999999998
 30
0
 11
83.9795230000000004
 21
-21.7550570000000008
 31
0
  0
LINE
  5
29B
330
1B
100
AcDbEntity
  8
F.Silkscreen
  6
CONTINUOUS
100
AcDbLine
 10
83.9795230000000004
 20
-21.7550570000000008
 30
0
 11
84.0271419999999978
 21
-21.8502949999999991
 31
0
  0
LINE
  5
29C
330
1B
100
AcDbEntity
  8
F.Silkscreen
  6
CONTINUOUS
100
AcDbLine
 10
84.0271419999999978
 20
-21.8502949999999991
 30
0
 11
84.0271419999999978
 21
-21.9931519999999985
 31
0
  0
LINE
  5
29D
330
1B
100
AcDbEntity
  8
F.Silkscreen
  6
CONTINUOUS
100
AcDbLine
 10
84.0271419999999978
 20
-21.9931519999999985
 30
0
 11
83.9795230000000004
 21
-22.0883900000000004
 31
0
  0
LINE
  5
29E
330
1B
100
AcDbEntity
  8
F.Silkscreen
  6
CONTINUOUS
100
AcDbLine
 10
83.9795230000000004
 20
-22.0883900000000004
 30
0
 11
83.931904000000003
 21
-22.1360089999999978
 31
0
  0
LINE
  5
29F
330
1B
100
AcDbEntity
  8
F.Silkscreen
  6
CONTINUOUS
100
AcDbLine
 10
83.931904000000003
 20
-22.1360089999999978
 30
0
 11
83.8366659999999939
 21
-22.1836279999999988
 31
0
  0
LINE
  5
2A0
330
1B
100
AcDbEntity
  8
F.Silkscreen
  6
CONTINUOUS
100
AcDbLine
 10
83.8366659999999939
 20
-22.1836279999999988
 30
0
 11
83.4557140000000004
 21
-22.1836279999999988
 31
0
  0
LINE
  5
2A1
330
1B
100
AcDbEntity
  8
F.Silkscreen
  6
CONTINUOUS
100
AcDbLine
 10
84.9795230000000004
 20
-22.6598189999999988
 30
0
 11
84.408095000000003
 21
-22.6598189999999988
 31
0
  0
LINE
  5
2A2
330
1B
100
AcDbEntity
  8
F.Silkscreen
  6
CONTINUOUS
100
AcDbLine
 10
84.6938090000000017
 20
-22.6598189999999988
 30
0
 11
84.6938090000000017
 21
-21.6598189999999988
 31
0
  0
LINE
  5
2A3
330
1B
100
AcDbEntity
  8
F.Silkscreen
  6
CONTINUOUS
100
AcDbLine
 10
84.6938090000000017
 20
-21.6598189999999988
 30
0
 11
84.5985709999999926
 21
-21.8026759999999982
 31
0
  0
LINE
  5
2A4
330
1B
100
AcDbEntity
  8
F.Silkscreen
  6
CONTINUOUS
100
AcDbLine
 10
84.5985709999999926
 20
-21.8026759999999982
 30
0
 11
84.5033329999999978
 21
-21.8979140000000001
 31
0
  0
LINE
  5
2A5
330
1B
100
AcDbEntity
  8
F.Silkscreen
  6
CONTINUOUS
100
AcDbLine
 10
84.5033329999999978
 20
-21.8979140000000001
 30
0
 11
84.408095000000003
 21
-21.9455329999999975
 31
0
  0
LINE
  5
2A6
330
1B
100
AcDbEntity
  8
F.Silkscreen
  6
CONTINUOUS
100
AcDbLine
 10
85.3128569999999939
 20
-21.6598189999999988
 30
0
 11
85.931904000000003
 21
-21.6598189999999988
 31
0
  0
LINE
  5
2A7
330
1B
100
AcDbEntity
  8
F.Silkscreen
  6
CONTINUOUS
100
AcDbLine
 10
85.931904000000003
 20
-21.6598189999999988
 30
0
 11
85.5985709999999926
 21
-22.0407709999999994
 31
0
  0
LINE
  5
2A8
330
1B
100
AcDbEntity
  8
F.Silkscreen
  6
CONTINUOUS
100
AcDbLine
 10
85.5985709999999926
 20
-22.0407709999999994
 30
0
 11
85.7414279999999991
 21
-22.0407709999999994
 31
0
  0
LINE
  5
2A9
330
1B
100
AcDbEntity
  8
F.Silkscreen
  6
CONTINUOUS
100
AcDbLine
 10
85.7414279999999991
 20
-22.0407709999999994
 30
0
 11
85.8366659999999939
 21
-22.0883900000000004
 31
0
  0
LINE
  5
2AA
330
1B
100
AcDbEntity
  8
F.Silkscreen
  6
CONTINUOUS
100
AcDbLine
 10
85.8366659999999939
 20
-22.0883900000000004
 30
0
 11
85.8842849999999913
 21
-22.1360089999999978
 31
0
  0
LINE
  5
2AB
330
1B
100
AcDbEntity
  8
F.Silkscreen
  6
CONTINUOUS
100
AcDbLine
 10
85.8842849999999913
 20
-22.1360089999999978
 30
0
 11
85.931904000000003
 21
-22.2312469999999998
 31
0
  0
LINE
  5
2AC
330
1B
100
AcDbEntity
  8
F.Silkscreen
  6
CONTINUOUS
100
AcDbLine
 10
85.931904000000003
 20
-22.2312469999999998
 30
0
 11
85.931904000000003
 21
-22.4693419999999975
 31
0
  0
LINE
  5
2AD
330
1B
100
AcDbEntity
  8
F.Silkscreen
  6
CONTINUOUS
100
AcDbLine
 10
85.931904000000003
 20
-22.4693419999999975
 30
0
 11
85.8842849999999913
 21
-22.5645799999999994
 31
0
  0
LINE
  5
2AE
330
1B
100
AcDbEntity
  8
F.Silkscreen
  6
CONTINUOUS
100
AcDbLine
 10
85.8842849999999913
 20
-22.5645799999999994
 30
0
 11
85.8366659999999939
 21
-22.6121999999999979
 31
0
  0
LINE
  5
2AF
330
1B
100
AcDbEntity
  8
F.Silkscreen
  6
CONTINUOUS
100
AcDbLine
 10
85.8366659999999939
 20
-22.6121999999999979
 30
0
 11
85.7414279999999991
 21
-22.6598189999999988
 31
0
  0
LINE
  5
2B0
330
1B
100
AcDbEntity
  8
F.Silkscreen
  6
CONTINUOUS
100
AcDbLine
 10
85.7414279999999991
 20
-22.6598189999999988
 30
0
 11
85.4557140000000004
 21
-22.6598189999999988
 31
0
  0
LINE
  5
2B1
330
1B
100
AcDbEntity
  8
F.Silkscreen
  6
CONTINUOUS
100
AcDbLine
 10
85.4557140000000004
 20
-22.6598189999999988
 30
0
 11
85.3604759999999914
 21
-22.6121999999999979
 31
0
  0
LINE
  5
2B2
330
1B
100
AcDbEntity
  8
F.Silkscreen
  6
CONTINUOUS
100
AcDbLine
 10
85.3604759999999914
 20
-22.6121999999999979
 30
0
 11
85.3128569999999939
 21
-22.5645799999999994
 31
0
  0
LINE
  5
2B3
330
1B
100
AcDbEntity
  8
F.Silkscreen
  6
CONTINUOUS
100
AcDbLine
 10
86.1883330000000001
 20
-54.9848189999999946
 30
0
 11
85.7121429999999975
 21
-54.9848189999999946
 31
0
  0
LINE
  5
2B4
330
1B
100
AcDbEntity
  8
F.Silkscreen
  6
CONTINUOUS
100
AcDbLine
 10
85.7121429999999975
 20
-54.9848189999999946
 30
0
 11
85.7121429999999975
 21
-53.9848189999999946
 31
0
  0
LINE
  5
2B5
330
1B
100
AcDbEntity
  8
F.Silkscreen
  6
CONTINUOUS
100
AcDbLine
 10
87.0454759999999936
 20
-54.9848189999999946
 30
0
 11
86.4740479999999963
 21
-54.9848189999999946
 31
0
  0
LINE
  5
2B6
330
1B
100
AcDbEntity
  8
F.Silkscreen
  6
CONTINUOUS
100
AcDbLine
 10
86.7597619999999949
 20
-54.9848189999999946
 30
0
 11
86.7597619999999949
 21
-53.9848189999999946
 31
0
  0
LINE
  5
2B7
330
1B
100
AcDbEntity
  8
F.Silkscreen
  6
CONTINUOUS
100
AcDbLine
 10
86.7597619999999949
 20
-53.9848189999999946
 30
0
 11
86.6645240000000001
 21
-54.127676000000001
 31
0
  0
LINE
  5
2B8
330
1B
100
AcDbEntity
  8
F.Silkscreen
  6
CONTINUOUS
100
AcDbLine
 10
86.6645240000000001
 20
-54.127676000000001
 30
0
 11
86.5692859999999911
 21
-54.2229139999999958
 31
0
  0
LINE
  5
2B9
330
1B
100
AcDbEntity
  8
F.Silkscreen
  6
CONTINUOUS
100
AcDbLine
 10
86.5692859999999911
 20
-54.2229139999999958
 30
0
 11
86.4740479999999963
 21
-54.2705330000000004
 31
0
  0
LINE
  5
2BA
330
1B
100
AcDbEntity
  8
F.Silkscreen
  6
CONTINUOUS
100
AcDbLine
 10
88.803332999999995
 20
-85.8598190000000017
 30
0
 11
88.4699999999999989
 21
-85.3836280000000016
 31
0
  0
LINE
  5
2BB
330
1B
100
AcDbEntity
  8
F.Silkscreen
  6
CONTINUOUS
100
AcDbLine
 10
88.2319049999999976
 20
-85.8598190000000017
 30
0
 11
88.2319049999999976
 21
-84.8598190000000017
 31
0
  0
LINE
  5
2BC
330
1B
100
AcDbEntity
  8
F.Silkscreen
  6
CONTINUOUS
100
AcDbLine
 10
88.2319049999999976
 20
-84.8598190000000017
 30
0
 11
88.6128569999999911
 21
-84.8598190000000017
 31
0
  0
LINE
  5
2BD
330
1B
100
AcDbEntity
  8
F.Silkscreen
  6
CONTINUOUS
100
AcDbLine
 10
88.6128569999999911
 20
-84.8598190000000017
 30
0
 11
88.7080950000000001
 21
-84.9074379999999991
 31
0
  0
LINE
  5
2BE
330
1B
100
AcDbEntity
  8
F.Silkscreen
  6
CONTINUOUS
100
AcDbLine
 10
88.7080950000000001
 20
-84.9074379999999991
 30
0
 11
88.7557139999999976
 21
-84.9550569999999965
 31
0
  0
LINE
  5
2BF
330
1B
100
AcDbEntity
  8
F.Silkscreen
  6
CONTINUOUS
100
AcDbLine
 10
88.7557139999999976
 20
-84.9550569999999965
 30
0
 11
88.803332999999995
 21
-85.0502949999999913
 31
0
  0
LINE
  5
2C0
330
1B
100
AcDbEntity
  8
F.Silkscreen
  6
CONTINUOUS
100
AcDbLine
 10
88.803332999999995
 20
-85.0502949999999913
 30
0
 11
88.803332999999995
 21
-85.1931519999999978
 31
0
  0
LINE
  5
2C1
330
1B
100
AcDbEntity
  8
F.Silkscreen
  6
CONTINUOUS
100
AcDbLine
 10
88.803332999999995
 20
-85.1931519999999978
 30
0
 11
88.7557139999999976
 21
-85.2883899999999926
 31
0
  0
LINE
  5
2C2
330
1B
100
AcDbEntity
  8
F.Silkscreen
  6
CONTINUOUS
100
AcDbLine
 10
88.7557139999999976
 20
-85.2883899999999926
 30
0
 11
88.7080950000000001
 21
-85.33600899999999
 31
0
  0
LINE
  5
2C3
330
1B
100
AcDbEntity
  8
F.Silkscreen
  6
CONTINUOUS
100
AcDbLine
 10
88.7080950000000001
 20
-85.33600899999999
 30
0
 11
88.6128569999999911
 21
-85.3836280000000016
 31
0
  0
LINE
  5
2C4
330
1B
100
AcDbEntity
  8
F.Silkscreen
  6
CONTINUOUS
100
AcDbLine
 10
88.6128569999999911
 20
-85.3836280000000016
 30
0
 11
88.2319049999999976
 21
-85.3836280000000016
 31
0
  0
LINE
  5
2C5
330
1B
100
AcDbEntity
  8
F.Silkscreen
  6
CONTINUOUS
100
AcDbLine
 10
89.7557139999999976
 20
-85.8598190000000017
 30
0
 11
89.1842860000000002
 21
-85.8598190000000017
 31
0
  0
LINE
  5
2C6
330
1B
100
AcDbEntity
  8
F.Silkscreen
  6
CONTINUOUS
100
AcDbLine
 10
89.4699999999999989
 20
-85.8598190000000017
 30
0
 11
89.4699999999999989
 21
-84.8598190000000017
 31
0
  0
LINE
  5
2C7
330
1B
100
AcDbEntity
  8
F.Silkscreen
  6
CONTINUOUS
100
AcDbLine
 10
89.4699999999999989
 20
-84.8598190000000017
 30
0
 11
89.3747619999999898
 21
-85.0026759999999939
 31
0
  0
LINE
  5
2C8
330
1B
100
AcDbEntity
  8
F.Silkscreen
  6
CONTINUOUS
100
AcDbLine
 10
89.3747619999999898
 20
-85.0026759999999939
 30
0
 11
89.279523999999995
 21
-85.0979140000000029
 31
0
  0
LINE
  5
2C9
330
1B
100
AcDbEntity
  8
F.Silkscreen
  6
CONTINUOUS
100
AcDbLine
 10
89.279523999999995
 20
-85.0979140000000029
 30
0
 11
89.1842860000000002
 21
-85.1455330000000004
 31
0
  0
LINE
  5
2CA
330
1B
100
AcDbEntity
  8
F.Silkscreen
  6
CONTINUOUS
100
AcDbLine
 10
91.9033329999999893
 20
-77.1645800000000008
 30
0
 11
91.8557139999999919
 21
-77.2121999999999957
 31
0
  0
LINE
  5
2CB
330
1B
100
AcDbEntity
  8
F.Silkscreen
  6
CONTINUOUS
100
AcDbLine
 10
91.8557139999999919
 20
-77.2121999999999957
 30
0
 11
91.7128569999999996
 21
-77.2598189999999931
 31
0
  0
LINE
  5
2CC
330
1B
100
AcDbEntity
  8
F.Silkscreen
  6
CONTINUOUS
100
AcDbLine
 10
91.7128569999999996
 20
-77.2598189999999931
 30
0
 11
91.6176189999999906
 21
-77.2598189999999931
 31
0
  0
LINE
  5
2CD
330
1B
100
AcDbEntity
  8
F.Silkscreen
  6
CONTINUOUS
100
AcDbLine
 10
91.6176189999999906
 20
-77.2598189999999931
 30
0
 11
91.4747619999999984
 21
-77.2121999999999957
 31
0
  0
LINE
  5
2CE
330
1B
100
AcDbEntity
  8
F.Silkscreen
  6
CONTINUOUS
100
AcDbLine
 10
91.4747619999999984
 20
-77.2121999999999957
 30
0
 11
91.3795239999999893
 21
-77.1169610000000034
 31
0
  0
LINE
  5
2CF
330
1B
100
AcDbEntity
  8
F.Silkscreen
  6
CONTINUOUS
100
AcDbLine
 10
91.3795239999999893
 20
-77.1169610000000034
 30
0
 11
91.3319049999999919
 21
-77.0217229999999944
 31
0
  0
LINE
  5
2D0
330
1B
100
AcDbEntity
  8
F.Silkscreen
  6
CONTINUOUS
100
AcDbLine
 10
91.3319049999999919
 20
-77.0217229999999944
 30
0
 11
91.2842859999999945
 21
-76.8312469999999905
 31
0
  0
LINE
  5
2D1
330
1B
100
AcDbEntity
  8
F.Silkscreen
  6
CONTINUOUS
100
AcDbLine
 10
91.2842859999999945
 20
-76.8312469999999905
 30
0
 11
91.2842859999999945
 21
-76.6883899999999983
 31
0
  0
LINE
  5
2D2
330
1B
100
AcDbEntity
  8
F.Silkscreen
  6
CONTINUOUS
100
AcDbLine
 10
91.2842859999999945
 20
-76.6883899999999983
 30
0
 11
91.3319049999999919
 21
-76.4979139999999944
 31
0
  0
LINE
  5
2D3
330
1B
100
AcDbEntity
  8
F.Silkscreen
  6
CONTINUOUS
100
AcDbLine
 10
91.3319049999999919
 20
-76.4979139999999944
 30
0
 11
91.3795239999999893
 21
-76.4026759999999996
 31
0
  0
LINE
  5
2D4
330
1B
100
AcDbEntity
  8
F.Silkscreen
  6
CONTINUOUS
100
AcDbLine
 10
91.3795239999999893
 20
-76.4026759999999996
 30
0
 11
91.4747619999999984
 21
-76.3074379999999906
 31
0
  0
LINE
  5
2D5
330
1B
100
AcDbEntity
  8
F.Silkscreen
  6
CONTINUOUS
100
AcDbLine
 10
91.4747619999999984
 20
-76.3074379999999906
 30
0
 11
91.6176189999999906
 21
-76.2598189999999931
 31
0
  0
LINE
  5
2D6
330
1B
100
AcDbEntity
  8
F.Silkscreen
  6
CONTINUOUS
100
AcDbLine
 10
91.6176189999999906
 20
-76.2598189999999931
 30
0
 11
91.7128569999999996
 21
-76.2598189999999931
 31
0
  0
LINE
  5
2D7
330
1B
100
AcDbEntity
  8
F.Silkscreen
  6
CONTINUOUS
100
AcDbLine
 10
91.7128569999999996
 20
-76.2598189999999931
 30
0
 11
91.8557139999999919
 21
-76.3074379999999906
 31
0
  0
LINE
  5
2D8
330
1B
100
AcDbEntity
  8
F.Silkscreen
  6
CONTINUOUS
100
AcDbLine
 10
91.8557139999999919
 20
-76.3074379999999906
 30
0
 11
91.9033329999999893
 21
-76.3550570000000022
 31
0
  0
LINE
  5
2D9
330
1B
100
AcDbEntity
  8
F.Silkscreen
  6
CONTINUOUS
100
AcDbLine
 10
92.760475999999997
 20
-76.5931520000000035
 30
0
 11
92.760475999999997
 21
-77.2598189999999931
 31
0
  0
LINE
  5
2DA
330
1B
100
AcDbEntity
  8
F.Silkscreen
  6
CONTINUOUS
100
AcDbLine
 10
92.5223809999999958
 20
-76.2121999999999957
 30
0
 11
92.2842859999999945
 21
-76.9264849999999996
 31
0
  0
LINE
  5
2DB
330
1B
100
AcDbEntity
  8
F.Silkscreen
  6
CONTINUOUS
100
AcDbLine
 10
92.2842859999999945
 20
-76.9264849999999996
 30
0
 11
92.9033329999999893
 21
-76.9264849999999996
 31
0
  0
LINE
  5
2DC
330
1B
100
AcDbEntity
  8
F.Silkscreen
  6
CONTINUOUS
100
AcDbLine
 10
94.4033099999999905
 20
-63.8145799999999994
 30
0
 11
94.3556909999999931
 21
-63.8621999999999943
 31
0
  0
LINE
  5
2DD
330
1B
100
AcDbEntity
  8
F.Silkscreen
  6
CONTINUOUS
100
AcDbLine
 10
94.3556909999999931
 20
-63.8621999999999943
 30
0
 11
94.2128340000000009
 21
-63.9098189999999988
 31
0
  0
LINE
  5
2DE
330
1B
100
AcDbEntity
  8
F.Silkscreen
  6
CONTINUOUS
100
AcDbLine
 10
94.2128340000000009
 20
-63.9098189999999988
 30
0
 11
94.1175959999999918
 21
-63.9098189999999988
 31
0
  0
LINE
  5
2DF
330
1B
100
AcDbEntity
  8
F.Silkscreen
  6
CONTINUOUS
100
AcDbLine
 10
94.1175959999999918
 20
-63.9098189999999988
 30
0
 11
93.9747389999999996
 21
-63.8621999999999943
 31
0
  0
LINE
  5
2E0
330
1B
100
AcDbEntity
  8
F.Silkscreen
  6
CONTINUOUS
100
AcDbLine
 10
93.9747389999999996
 20
-63.8621999999999943
 30
0
 11
93.8795009999999905
 21
-63.7669609999999949
 31
0
  0
LINE
  5
2E1
330
1B
100
AcDbEntity
  8
F.Silkscreen
  6
CONTINUOUS
100
AcDbLine
 10
93.8795009999999905
 20
-63.7669609999999949
 30
0
 11
93.8318819999999931
 21
-63.6717230000000001
 31
0
  0
LINE
  5
2E2
330
1B
100
AcDbEntity
  8
F.Silkscreen
  6
CONTINUOUS
100
AcDbLine
 10
93.8318819999999931
 20
-63.6717230000000001
 30
0
 11
93.7842629999999957
 21
-63.4812469999999962
 31
0
  0
LINE
  5
2E3
330
1B
100
AcDbEntity
  8
F.Silkscreen
  6
CONTINUOUS
100
AcDbLine
 10
93.7842629999999957
 20
-63.4812469999999962
 30
0
 11
93.7842629999999957
 21
-63.3383899999999969
 31
0
  0
LINE
  5
2E4
330
1B
100
AcDbEntity
  8
F.Silkscreen
  6
CONTINUOUS
100
AcDbLine
 10
93.7842629999999957
 20
-63.3383899999999969
 30
0
 11
93.8318819999999931
 21
-63.1479140000000001
 31
0
  0
LINE
  5
2E5
330
1B
100
AcDbEntity
  8
F.Silkscreen
  6
CONTINUOUS
100
AcDbLine
 10
93.8318819999999931
 20
-63.1479140000000001
 30
0
 11
93.8795009999999905
 21
-63.0526759999999982
 31
0
  0
LINE
  5
2E6
330
1B
100
AcDbEntity
  8
F.Silkscreen
  6
CONTINUOUS
100
AcDbLine
 10
93.8795009999999905
 20
-63.0526759999999982
 30
0
 11
93.9747389999999996
 21
-62.9574379999999962
 31
0
  0
LINE
  5
2E7
330
1B
100
AcDbEntity
  8
F.Silkscreen
  6
CONTINUOUS
100
AcDbLine
 10
93.9747389999999996
 20
-62.9574379999999962
 30
0
 11
94.1175959999999918
 21
-62.9098189999999988
 31
0
  0
LINE
  5
2E8
330
1B
100
AcDbEntity
  8
F.Silkscreen
  6
CONTINUOUS
100
AcDbLine
 10
94.1175959999999918
 20
-62.9098189999999988
 30
0
 11
94.2128340000000009
 21
-62.9098189999999988
 31
0
  0
LINE
  5
2E9
330
1B
100
AcDbEntity
  8
F.Silkscreen
  6
CONTINUOUS
100
AcDbLine
 10
94.2128340000000009
 20
-62.9098189999999988
 30
0
 11
94.3556909999999931
 21
-62.9574379999999962
 31
0
  0
LINE
  5
2EA
330
1B
100
AcDbEntity
  8
F.Silkscreen
  6
CONTINUOUS
100
AcDbLine
 10
94.3556909999999931
 20
-62.9574379999999962
 30
0
 11
94.4033099999999905
 21
-63.0050569999999936
 31
0
  0
LINE
  5
2EB
330
1B
100
AcDbEntity
  8
F.Silkscreen
  6
CONTINUOUS
100
AcDbLine
 10
94.7842629999999957
 20
-63.0050569999999936
 30
0
 11
94.8318819999999931
 21
-62.9574379999999962
 31
0
  0
LINE
  5
2EC
330
1B
100
AcDbEntity
  8
F.Silkscreen
  6
CONTINUOUS
100
AcDbLine
 10
94.8318819999999931
 20
-62.9574379999999962
 30
0
 11
94.9271200000000022
 21
-62.9098189999999988
 31
0
  0
LINE
  5
2ED
330
1B
100
AcDbEntity
  8
F.Silkscreen
  6
CONTINUOUS
100
AcDbLine
 10
94.9271200000000022
 20
-62.9098189999999988
 30
0
 11
95.1652149999999892
 21
-62.9098189999999988
 31
0
  0
LINE
  5
2EE
330
1B
100
AcDbEntity
  8
F.Silkscreen
  6
CONTINUOUS
100
AcDbLine
 10
95.1652149999999892
 20
-62.9098189999999988
 30
0
 11
95.2604529999999983
 21
-62.9574379999999962
 31
0
  0
LINE
  5
2EF
330
1B
100
AcDbEntity
  8
F.Silkscreen
  6
CONTINUOUS
100
AcDbLine
 10
95.2604529999999983
 20
-62.9574379999999962
 30
0
 11
95.3080719999999957
 21
-63.0050569999999936
 31
0
  0
LINE
  5
2F0
330
1B
100
AcDbEntity
  8
F.Silkscreen
  6
CONTINUOUS
100
AcDbLine
 10
95.3080719999999957
 20
-63.0050569999999936
 30
0
 11
95.3556909999999931
 21
-63.1002949999999956
 31
0
  0
LINE
  5
2F1
330
1B
100
AcDbEntity
  8
F.Silkscreen
  6
CONTINUOUS
100
AcDbLine
 10
95.3556909999999931
 20
-63.1002949999999956
 30
0
 11
95.3556909999999931
 21
-63.1955329999999975
 31
0
  0
LINE
  5
2F2
330
1B
100
AcDbEntity
  8
F.Silkscreen
  6
CONTINUOUS
100
AcDbLine
 10
95.3556909999999931
 20
-63.1955329999999975
 30
0
 11
95.3080719999999957
 21
-63.3383899999999969
 31
0
  0
LINE
  5
2F3
330
1B
100
AcDbEntity
  8
F.Silkscreen
  6
CONTINUOUS
100
AcDbLine
 10
95.3080719999999957
 20
-63.3383899999999969
 30
0
 11
94.7366439999999983
 21
-63.9098189999999988
 31
0
  0
LINE
  5
2F4
330
1B
100
AcDbEntity
  8
F.Silkscreen
  6
CONTINUOUS
100
AcDbLine
 10
94.7366439999999983
 20
-63.9098189999999988
 30
0
 11
95.3556909999999931
 21
-63.9098189999999988
 31
0
  0
LINE
  5
2F5
330
1B
100
AcDbEntity
  8
F.Silkscreen
  6
CONTINUOUS
100
AcDbLine
 10
101.4033329999999893
 20
-85.8598190000000017
 30
0
 11
101.0699999999999932
 21
-85.3836280000000016
 31
0
  0
LINE
  5
2F6
330
1B
100
AcDbEntity
  8
F.Silkscreen
  6
CONTINUOUS
100
AcDbLine
 10
100.8319049999999919
 20
-85.8598190000000017
 30
0
 11
100.8319049999999919
 21
-84.8598190000000017
 31
0
  0
LINE
  5
2F7
330
1B
100
AcDbEntity
  8
F.Silkscreen
  6
CONTINUOUS
100
AcDbLine
 10
100.8319049999999919
 20
-84.8598190000000017
 30
0
 11
101.2128569999999996
 21
-84.8598190000000017
 31
0
  0
LINE
  5
2F8
330
1B
100
AcDbEntity
  8
F.Silkscreen
  6
CONTINUOUS
100
AcDbLine
 10
101.2128569999999996
 20
-84.8598190000000017
 30
0
 11
101.3080949999999945
 21
-84.9074379999999991
 31
0
  0
LINE
  5
2F9
330
1B
100
AcDbEntity
  8
F.Silkscreen
  6
CONTINUOUS
100
AcDbLine
 10
101.3080949999999945
 20
-84.9074379999999991
 30
0
 11
101.3557139999999919
 21
-84.9550569999999965
 31
0
  0
LINE
  5
2FA
330
1B
100
AcDbEntity
  8
F.Silkscreen
  6
CONTINUOUS
100
AcDbLine
 10
101.3557139999999919
 20
-84.9550569999999965
 30
0
 11
101.4033329999999893
 21
-85.0502949999999913
 31
0
  0
LINE
  5
2FB
330
1B
100
AcDbEntity
  8
F.Silkscreen
  6
CONTINUOUS
100
AcDbLine
 10
101.4033329999999893
 20
-85.0502949999999913
 30
0
 11
101.4033329999999893
 21
-85.1931519999999978
 31
0
  0
LINE
  5
2FC
330
1B
100
AcDbEntity
  8
F.Silkscreen
  6
CONTINUOUS
100
AcDbLine
 10
101.4033329999999893
 20
-85.1931519999999978
 30
0
 11
101.3557139999999919
 21
-85.2883899999999926
 31
0
  0
LINE
  5
2FD
330
1B
100
AcDbEntity
  8
F.Silkscreen
  6
CONTINUOUS
100
AcDbLine
 10
101.3557139999999919
 20
-85.2883899999999926
 30
0
 11
101.3080949999999945
 21
-85.33600899999999
 31
0
  0
LINE
  5
2FE
330
1B
100
AcDbEntity
  8
F.Silkscreen
  6
CONTINUOUS
100
AcDbLine
 10
101.3080949999999945
 20
-85.33600899999999
 30
0
 11
101.2128569999999996
 21
-85.3836280000000016
 31
0
  0
LINE
  5
2FF
330
1B
100
AcDbEntity
  8
F.Silkscreen
  6
CONTINUOUS
100
AcDbLine
 10
101.2128569999999996
 20
-85.3836280000000016
 30
0
 11
100.8319049999999919
 21
-85.3836280000000016
 31
0
  0
LINE
  5
300
330
1B
100
AcDbEntity
  8
F.Silkscreen
  6
CONTINUOUS
100
AcDbLine
 10
101.7842859999999945
 20
-84.9550569999999965
 30
0
 11
101.8319049999999919
 21
-84.9074379999999991
 31
0
  0
LINE
  5
301
330
1B
100
AcDbEntity
  8
F.Silkscreen
  6
CONTINUOUS
100
AcDbLine
 10
101.8319049999999919
 20
-84.9074379999999991
 30
0
 11
101.9271430000000009
 21
-84.8598190000000017
 31
0
  0
LINE
  5
302
330
1B
100
AcDbEntity
  8
F.Silkscreen
  6
CONTINUOUS
100
AcDbLine
 10
101.9271430000000009
 20
-84.8598190000000017
 30
0
 11
102.1652380000000022
 21
-84.8598190000000017
 31
0
  0
LINE
  5
303
330
1B
100
AcDbEntity
  8
F.Silkscreen
  6
CONTINUOUS
100
AcDbLine
 10
102.1652380000000022
 20
-84.8598190000000017
 30
0
 11
102.260475999999997
 21
-84.9074379999999991
 31
0
  0
LINE
  5
304
330
1B
100
AcDbEntity
  8
F.Silkscreen
  6
CONTINUOUS
100
AcDbLine
 10
102.260475999999997
 20
-84.9074379999999991
 30
0
 11
102.3080949999999945
 21
-84.9550569999999965
 31
0
  0
LINE
  5
305
330
1B
100
AcDbEntity
  8
F.Silkscreen
  6
CONTINUOUS
100
AcDbLine
 10
102.3080949999999945
 20
-84.9550569999999965
 30
0
 11
102.3557139999999919
 21
-85.0502949999999913
 31
0
  0
LINE
  5
306
330
1B
100
AcDbEntity
  8
F.Silkscreen
  6
CONTINUOUS
100
AcDbLine
 10
102.3557139999999919
 20
-85.0502949999999913
 30
0
 11
102.3557139999999919
 21
-85.1455330000000004
 31
0
  0
LINE
  5
307
330
1B
100
AcDbEntity
  8
F.Silkscreen
  6
CONTINUOUS
100
AcDbLine
 10
102.3557139999999919
 20
-85.1455330000000004
 30
0
 11
102.3080949999999945
 21
-85.2883899999999926
 31
0
  0
LINE
  5
308
330
1B
100
AcDbEntity
  8
F.Silkscreen
  6
CONTINUOUS
100
AcDbLine
 10
102.3080949999999945
 20
-85.2883899999999926
 30
0
 11
101.7366669999999971
 21
-85.8598190000000017
 31
0
  0
LINE
  5
309
330
1B
100
AcDbEntity
  8
F.Silkscreen
  6
CONTINUOUS
100
AcDbLine
 10
101.7366669999999971
 20
-85.8598190000000017
 30
0
 11
102.3557139999999919
 21
-85.8598190000000017
 31
0
  0
LINE
  5
30A
330
1B
100
AcDbEntity
  8
F.Silkscreen
  6
CONTINUOUS
100
AcDbLine
 10
108.4319050000000004
 20
-63.8598189999999946
 30
0
 11
108.4319050000000004
 21
-62.8598189999999946
 31
0
  0
LINE
  5
30B
330
1B
100
AcDbEntity
  8
F.Silkscreen
  6
CONTINUOUS
100
AcDbLine
 10
108.4319050000000004
 20
-62.8598189999999946
 30
0
 11
108.6700000000000017
 21
-62.8598189999999946
 31
0
  0
LINE
  5
30C
330
1B
100
AcDbEntity
  8
F.Silkscreen
  6
CONTINUOUS
100
AcDbLine
 10
108.6700000000000017
 20
-62.8598189999999946
 30
0
 11
108.8128569999999939
 21
-62.9074379999999991
 31
0
  0
LINE
  5
30D
330
1B
100
AcDbEntity
  8
F.Silkscreen
  6
CONTINUOUS
100
AcDbLine
 10
108.8128569999999939
 20
-62.9074379999999991
 30
0
 11
108.9080949999999888
 21
-63.0026759999999939
 31
0
  0
LINE
  5
30E
330
1B
100
AcDbEntity
  8
F.Silkscreen
  6
CONTINUOUS
100
AcDbLine
 10
108.9080949999999888
 20
-63.0026759999999939
 30
0
 11
108.9557140000000004
 21
-63.0979139999999958
 31
0
  0
LINE
  5
30F
330
1B
100
AcDbEntity
  8
F.Silkscreen
  6
CONTINUOUS
100
AcDbLine
 10
108.9557140000000004
 20
-63.0979139999999958
 30
0
 11
109.0033329999999978
 21
-63.2883899999999997
 31
0
  0
LINE
  5
310
330
1B
100
AcDbEntity
  8
F.Silkscreen
  6
CONTINUOUS
100
AcDbLine
 10
109.0033329999999978
 20
-63.2883899999999997
 30
0
 11
109.0033329999999978
 21
-63.431246999999999
 31
0
  0
LINE
  5
311
330
1B
100
AcDbEntity
  8
F.Silkscreen
  6
CONTINUOUS
100
AcDbLine
 10
109.0033329999999978
 20
-63.431246999999999
 30
0
 11
108.9557140000000004
 21
-63.6217229999999958
 31
0
  0
LINE
  5
312
330
1B
100
AcDbEntity
  8
F.Silkscreen
  6
CONTINUOUS
100
AcDbLine
 10
108.9557140000000004
 20
-63.6217229999999958
 30
0
 11
108.9080949999999888
 21
-63.7169609999999977
 31
0
  0
LINE
  5
313
330
1B
100
AcDbEntity
  8
F.Silkscreen
  6
CONTINUOUS
100
AcDbLine
 10
108.9080949999999888
 20
-63.7169609999999977
 30
0
 11
108.8128569999999939
 21
-63.8121999999999971
 31
0
  0
LINE
  5
314
330
1B
100
AcDbEntity
  8
F.Silkscreen
  6
CONTINUOUS
100
AcDbLine
 10
108.8128569999999939
 20
-63.8121999999999971
 30
0
 11
108.6700000000000017
 21
-63.8598189999999946
 31
0
  0
LINE
  5
315
330
1B
100
AcDbEntity
  8
F.Silkscreen
  6
CONTINUOUS
100
AcDbLine
 10
108.6700000000000017
 20
-63.8598189999999946
 30
0
 11
108.4319050000000004
 21
-63.8598189999999946
 31
0
  0
LINE
  5
316
330
1B
100
AcDbEntity
  8
F.Silkscreen
  6
CONTINUOUS
100
AcDbLine
 10
109.3842859999999888
 20
-62.9550569999999965
 30
0
 11
109.4319050000000004
 21
-62.9074379999999991
 31
0
  0
LINE
  5
317
330
1B
100
AcDbEntity
  8
F.Silkscreen
  6
CONTINUOUS
100
AcDbLine
 10
109.4319050000000004
 20
-62.9074379999999991
 30
0
 11
109.5271429999999953
 21
-62.8598189999999946
 31
0
  0
LINE
  5
318
330
1B
100
AcDbEntity
  8
F.Silkscreen
  6
CONTINUOUS
100
AcDbLine
 10
109.5271429999999953
 20
-62.8598189999999946
 30
0
 11
109.7652379999999965
 21
-62.8598189999999946
 31
0
  0
LINE
  5
319
330
1B
100
AcDbEntity
  8
F.Silkscreen
  6
CONTINUOUS
100
AcDbLine
 10
109.7652379999999965
 20
-62.8598189999999946
 30
0
 11
109.8604759999999914
 21
-62.9074379999999991
 31
0
  0
LINE
  5
31A
330
1B
100
AcDbEntity
  8
F.Silkscreen
  6
CONTINUOUS
100
AcDbLine
 10
109.8604759999999914
 20
-62.9074379999999991
 30
0
 11
109.9080949999999888
 21
-62.9550569999999965
 31
0
  0
LINE
  5
31B
330
1B
100
AcDbEntity
  8
F.Silkscreen
  6
CONTINUOUS
100
AcDbLine
 10
109.9080949999999888
 20
-62.9550569999999965
 30
0
 11
109.9557140000000004
 21
-63.0502949999999984
 31
0
  0
LINE
  5
31C
330
1B
100
AcDbEntity
  8
F.Silkscreen
  6
CONTINUOUS
100
AcDbLine
 10
109.9557140000000004
 20
-63.0502949999999984
 30
0
 11
109.9557140000000004
 21
-63.1455330000000004
 31
0
  0
LINE
  5
31D
330
1B
100
AcDbEntity
  8
F.Silkscreen
  6
CONTINUOUS
100
AcDbLine
 10
109.9557140000000004
 20
-63.1455330000000004
 30
0
 11
109.9080949999999888
 21
-63.2883899999999997
 31
0
  0
LINE
  5
31E
330
1B
100
AcDbEntity
  8
F.Silkscreen
  6
CONTINUOUS
100
AcDbLine
 10
109.9080949999999888
 20
-63.2883899999999997
 30
0
 11
109.3366669999999914
 21
-63.8598189999999946
 31
0
  0
LINE
  5
31F
330
1B
100
AcDbEntity
  8
F.Silkscreen
  6
CONTINUOUS
100
AcDbLine
 10
109.3366669999999914
 20
-63.8598189999999946
 30
0
 11
109.9557140000000004
 21
-63.8598189999999946
 31
0
  0
LINE
  5
320
330
1B
100
AcDbEntity
  8
F.Silkscreen
  6
CONTINUOUS
100
AcDbLine
 10
113.9033329999999893
 20
-85.8598190000000017
 30
0
 11
113.5699999999999932
 21
-85.3836280000000016
 31
0
  0
LINE
  5
321
330
1B
100
AcDbEntity
  8
F.Silkscreen
  6
CONTINUOUS
100
AcDbLine
 10
113.3319049999999919
 20
-85.8598190000000017
 30
0
 11
113.3319049999999919
 21
-84.8598190000000017
 31
0
  0
LINE
  5
322
330
1B
100
AcDbEntity
  8
F.Silkscreen
  6
CONTINUOUS
100
AcDbLine
 10
113.3319049999999919
 20
-84.8598190000000017
 30
0
 11
113.7128569999999996
 21
-84.8598190000000017
 31
0
  0
LINE
  5
323
330
1B
100
AcDbEntity
  8
F.Silkscreen
  6
CONTINUOUS
100
AcDbLine
 10
113.7128569999999996
 20
-84.8598190000000017
 30
0
 11
113.8080949999999945
 21
-84.9074379999999991
 31
0
  0
LINE
  5
324
330
1B
100
AcDbEntity
  8
F.Silkscreen
  6
CONTINUOUS
100
AcDbLine
 10
113.8080949999999945
 20
-84.9074379999999991
 30
0
 11
113.8557139999999919
 21
-84.9550569999999965
 31
0
  0
LINE
  5
325
330
1B
100
AcDbEntity
  8
F.Silkscreen
  6
CONTINUOUS
100
AcDbLine
 10
113.8557139999999919
 20
-84.9550569999999965
 30
0
 11
113.9033329999999893
 21
-85.0502949999999913
 31
0
  0
LINE
  5
326
330
1B
100
AcDbEntity
  8
F.Silkscreen
  6
CONTINUOUS
100
AcDbLine
 10
113.9033329999999893
 20
-85.0502949999999913
 30
0
 11
113.9033329999999893
 21
-85.1931519999999978
 31
0
  0
LINE
  5
327
330
1B
100
AcDbEntity
  8
F.Silkscreen
  6
CONTINUOUS
100
AcDbLine
 10
113.9033329999999893
 20
-85.1931519999999978
 30
0
 11
113.8557139999999919
 21
-85.2883899999999926
 31
0
  0
LINE
  5
328
330
1B
100
AcDbEntity
  8
F.Silkscreen
  6
CONTINUOUS
100
AcDbLine
 10
113.8557139999999919
 20
-85.2883899999999926
 30
0
 11
113.8080949999999945
 21
-85.33600899999999
 31
0
  0
LINE
  5
329
330
1B
100
AcDbEntity
  8
F.Silkscreen
  6
CONTINUOUS
100
AcDbLine
 10
113.8080949999999945
 20
-85.33600899999999
 30
0
 11
113.7128569999999996
 21
-85.3836280000000016
 31
0
  0
LINE
  5
32A
330
1B
100
AcDbEntity
  8
F.Silkscreen
  6
CONTINUOUS
100
AcDbLine
 10
113.7128569999999996
 20
-85.3836280000000016
 30
0
 11
113.3319049999999919
 21
-85.3836280000000016
 31
0
  0
LINE
  5
32B
330
1B
100
AcDbEntity
  8
F.Silkscreen
  6
CONTINUOUS
100
AcDbLine
 10
114.2366669999999971
 20
-84.8598190000000017
 30
0
 11
114.8557139999999919
 21
-84.8598190000000017
 31
0
  0
LINE
  5
32C
330
1B
100
AcDbEntity
  8
F.Silkscreen
  6
CONTINUOUS
100
AcDbLine
 10
114.8557139999999919
 20
-84.8598190000000017
 30
0
 11
114.5223809999999958
 21
-85.2407709999999952
 31
0
  0
LINE
  5
32D
330
1B
100
AcDbEntity
  8
F.Silkscreen
  6
CONTINUOUS
100
AcDbLine
 10
114.5223809999999958
 20
-85.2407709999999952
 30
0
 11
114.665237999999988
 21
-85.2407709999999952
 31
0
  0
LINE
  5
32E
330
1B
100
AcDbEntity
  8
F.Silkscreen
  6
CONTINUOUS
100
AcDbLine
 10
114.665237999999988
 20
-85.2407709999999952
 30
0
 11
114.760475999999997
 21
-85.2883899999999926
 31
0
  0
LINE
  5
32F
330
1B
100
AcDbEntity
  8
F.Silkscreen
  6
CONTINUOUS
100
AcDbLine
 10
114.760475999999997
 20
-85.2883899999999926
 30
0
 11
114.8080949999999945
 21
-85.33600899999999
 31
0
  0
LINE
  5
330
330
1B
100
AcDbEntity
  8
F.Silkscreen
  6
CONTINUOUS
100
AcDbLine
 10
114.8080949999999945
 20
-85.33600899999999
 30
0
 11
114.8557139999999919
 21
-85.431246999999999
 31
0
  0
LINE
  5
331
330
1B
100
AcDbEntity
  8
F.Silkscreen
  6
CONTINUOUS
100
AcDbLine
 10
114.8557139999999919
 20
-85.431246999999999
 30
0
 11
114.8557139999999919
 21
-85.6693420000000003
 31
0
  0
LINE
  5
332
330
1B
100
AcDbEntity
  8
F.Silkscreen
  6
CONTINUOUS
100
AcDbLine
 10
114.8557139999999919
 20
-85.6693420000000003
 30
0
 11
114.8080949999999945
 21
-85.7645799999999952
 31
0
  0
LINE
  5
333
330
1B
100
AcDbEntity
  8
F.Silkscreen
  6
CONTINUOUS
100
AcDbLine
 10
114.8080949999999945
 20
-85.7645799999999952
 30
0
 11
114.760475999999997
 21
-85.81219999999999
 31
0
  0
LINE
  5
334
330
1B
100
AcDbEntity
  8
F.Silkscreen
  6
CONTINUOUS
100
AcDbLine
 10
114.760475999999997
 20
-85.81219999999999
 30
0
 11
114.665237999999988
 21
-85.8598190000000017
 31
0
  0
LINE
  5
335
330
1B
100
AcDbEntity
  8
F.Silkscreen
  6
CONTINUOUS
100
AcDbLine
 10
114.665237999999988
 20
-85.8598190000000017
 30
0
 11
114.3795239999999893
 21
-85.8598190000000017
 31
0
  0
LINE
  5
336
330
1B
100
AcDbEntity
  8
F.Silkscreen
  6
CONTINUOUS
100
AcDbLine
 10
114.3795239999999893
 20
-85.8598190000000017
 30
0
 11
114.2842859999999945
 21
-85.81219999999999
 31
0
  0
LINE
  5
337
330
1B
100
AcDbEntity
  8
F.Silkscreen
  6
CONTINUOUS
100
AcDbLine
 10
114.2842859999999945
 20
-85.81219999999999
 30
0
 11
114.2366669999999971
 21
-85.7645799999999952
 31
0
  0
LINE
  5
338
330
1B
100
AcDbEntity
  8
F.Silkscreen
  6
CONTINUOUS
100
AcDbLine
 10
103.8280949999999905
 20
-64.584818999999996
 30
0
 11
103.8280949999999905
 21
-63.584818999999996
 31
0
  0
LINE
  5
339
330
1B
100
AcDbEntity
  8
F.Silkscreen
  6
CONTINUOUS
100
AcDbLine
 10
104.3995230000000021
 20
-64.584818999999996
 30
0
 11
103.9709519999999969
 21
-64.0133900000000011
 31
0
  0
LINE
  5
33A
330
1B
100
AcDbEntity
  8
F.Silkscreen
  6
CONTINUOUS
100
AcDbLine
 10
104.3995230000000021
 20
-63.584818999999996
 30
0
 11
103.8280949999999905
 21
-64.1562469999999934
 31
0
  0
LINE
  5
33B
330
1B
100
AcDbEntity
  8
F.Silkscreen
  6
CONTINUOUS
100
AcDbLine
 10
68.8880949999999928
 20
-65.3848189999999931
 30
0
 11
68.8880949999999928
 21
-64.3848189999999931
 31
0
  0
LINE
  5
33C
330
1B
100
AcDbEntity
  8
F.Silkscreen
  6
CONTINUOUS
100
AcDbLine
 10
69.4595229999999901
 20
-65.3848189999999931
 30
0
 11
69.0309519999999992
 21
-64.8133899999999983
 31
0
  0
LINE
  5
33D
330
1B
100
AcDbEntity
  8
F.Silkscreen
  6
CONTINUOUS
100
AcDbLine
 10
69.4595229999999901
 20
-64.3848189999999931
 30
0
 11
68.8880949999999928
 21
-64.9562469999999905
 31
0
  0
LINE
  5
33E
330
1B
100
AcDbEntity
  8
F.Silkscreen
  6
CONTINUOUS
100
AcDbLine
 10
73.9204759999999936
 20
-86.3688549999999964
 30
0
 11
73.9204759999999936
 21
-85.5688549999999992
 31
0
  0
LINE
  5
33F
330
1B
100
AcDbEntity
  8
F.Silkscreen
  6
CONTINUOUS
100
AcDbLine
 10
73.9204759999999936
 20
-85.5688549999999992
 30
0
 11
74.1109519999999975
 21
-85.5688549999999992
 31
0
  0
LINE
  5
340
330
1B
100
AcDbEntity
  8
F.Silkscreen
  6
CONTINUOUS
100
AcDbLine
 10
74.1109519999999975
 20
-85.5688549999999992
 30
0
 11
74.2252379999999903
 21
-85.6069499999999977
 31
0
  0
LINE
  5
341
330
1B
100
AcDbEntity
  8
F.Silkscreen
  6
CONTINUOUS
100
AcDbLine
 10
74.2252379999999903
 20
-85.6069499999999977
 30
0
 11
74.3014280000000014
 21
-85.6831399999999945
 31
0
  0
LINE
  5
342
330
1B
100
AcDbEntity
  8
F.Silkscreen
  6
CONTINUOUS
100
AcDbLine
 10
74.3014280000000014
 20
-85.6831399999999945
 30
0
 11
74.3395229999999998
 21
-85.7593310000000031
 31
0
  0
LINE
  5
343
330
1B
100
AcDbEntity
  8
F.Silkscreen
  6
CONTINUOUS
100
AcDbLine
 10
74.3395229999999998
 20
-85.7593310000000031
 30
0
 11
74.3776189999999957
 21
-85.9117119999999943
 31
0
  0
LINE
  5
344
330
1B
100
AcDbEntity
  8
F.Silkscreen
  6
CONTINUOUS
100
AcDbLine
 10
74.3776189999999957
 20
-85.9117119999999943
 30
0
 11
74.3776189999999957
 21
-86.0259980000000013
 31
0
  0
LINE
  5
345
330
1B
100
AcDbEntity
  8
F.Silkscreen
  6
CONTINUOUS
100
AcDbLine
 10
74.3776189999999957
 20
-86.0259980000000013
 30
0
 11
74.3395229999999998
 21
-86.1783789999999925
 31
0
  0
LINE
  5
346
330
1B
100
AcDbEntity
  8
F.Silkscreen
  6
CONTINUOUS
100
AcDbLine
 10
74.3395229999999998
 20
-86.1783789999999925
 30
0
 11
74.3014280000000014
 21
-86.2545689999999894
 31
0
  0
LINE
  5
347
330
1B
100
AcDbEntity
  8
F.Silkscreen
  6
CONTINUOUS
100
AcDbLine
 10
74.3014280000000014
 20
-86.2545689999999894
 30
0
 11
74.2252379999999903
 21
-86.3307599999999979
 31
0
  0
LINE
  5
348
330
1B
100
AcDbEntity
  8
F.Silkscreen
  6
CONTINUOUS
100
AcDbLine
 10
74.2252379999999903
 20
-86.3307599999999979
 30
0
 11
74.1109519999999975
 21
-86.3688549999999964
 31
0
  0
LINE
  5
349
330
1B
100
AcDbEntity
  8
F.Silkscreen
  6
CONTINUOUS
100
AcDbLine
 10
74.1109519999999975
 20
-86.3688549999999964
 30
0
 11
73.9204759999999936
 21
-86.3688549999999964
 31
0
  0
LINE
  5
34A
330
1B
100
AcDbEntity
  8
F.Silkscreen
  6
CONTINUOUS
100
AcDbLine
 10
76.8795229999999918
 20
-85.6069499999999977
 30
0
 11
76.803332999999995
 21
-85.5688549999999992
 31
0
  0
LINE
  5
34B
330
1B
100
AcDbEntity
  8
F.Silkscreen
  6
CONTINUOUS
100
AcDbLine
 10
76.803332999999995
 20
-85.5688549999999992
 30
0
 11
76.6890470000000022
 21
-85.5688549999999992
 31
0
  0
LINE
  5
34C
330
1B
100
AcDbEntity
  8
F.Silkscreen
  6
CONTINUOUS
100
AcDbLine
 10
76.6890470000000022
 20
-85.5688549999999992
 30
0
 11
76.5747609999999952
 21
-85.6069499999999977
 31
0
  0
LINE
  5
34D
330
1B
100
AcDbEntity
  8
F.Silkscreen
  6
CONTINUOUS
100
AcDbLine
 10
76.5747609999999952
 20
-85.6069499999999977
 30
0
 11
76.4985709999999983
 21
-85.6831399999999945
 31
0
  0
LINE
  5
34E
330
1B
100
AcDbEntity
  8
F.Silkscreen
  6
CONTINUOUS
100
AcDbLine
 10
76.4985709999999983
 20
-85.6831399999999945
 30
0
 11
76.4604759999999999
 21
-85.7593310000000031
 31
0
  0
LINE
  5
34F
330
1B
100
AcDbEntity
  8
F.Silkscreen
  6
CONTINUOUS
100
AcDbLine
 10
76.4604759999999999
 20
-85.7593310000000031
 30
0
 11
76.4223799999999898
 21
-85.9117119999999943
 31
0
  0
LINE
  5
350
330
1B
100
AcDbEntity
  8
F.Silkscreen
  6
CONTINUOUS
100
AcDbLine
 10
76.4223799999999898
 20
-85.9117119999999943
 30
0
 11
76.4223799999999898
 21
-86.0259980000000013
 31
0
  0
LINE
  5
351
330
1B
100
AcDbEntity
  8
F.Silkscreen
  6
CONTINUOUS
100
AcDbLine
 10
76.4223799999999898
 20
-86.0259980000000013
 30
0
 11
76.4604759999999999
 21
-86.1783789999999925
 31
0
  0
LINE
  5
352
330
1B
100
AcDbEntity
  8
F.Silkscreen
  6
CONTINUOUS
100
AcDbLine
 10
76.4604759999999999
 20
-86.1783789999999925
 30
0
 11
76.4985709999999983
 21
-86.2545689999999894
 31
0
  0
LINE
  5
353
330
1B
100
AcDbEntity
  8
F.Silkscreen
  6
CONTINUOUS
100
AcDbLine
 10
76.4985709999999983
 20
-86.2545689999999894
 30
0
 11
76.5747609999999952
 21
-86.3307599999999979
 31
0
  0
LINE
  5
354
330
1B
100
AcDbEntity
  8
F.Silkscreen
  6
CONTINUOUS
100
AcDbLine
 10
76.5747609999999952
 20
-86.3307599999999979
 30
0
 11
76.6890470000000022
 21
-86.3688549999999964
 31
0
  0
LINE
  5
355
330
1B
100
AcDbEntity
  8
F.Silkscreen
  6
CONTINUOUS
100
AcDbLine
 10
76.6890470000000022
 20
-86.3688549999999964
 30
0
 11
76.7652379999999965
 21
-86.3688549999999964
 31
0
  0
LINE
  5
356
330
1B
100
AcDbEntity
  8
F.Silkscreen
  6
CONTINUOUS
100
AcDbLine
 10
76.7652379999999965
 20
-86.3688549999999964
 30
0
 11
76.8795229999999918
 21
-86.3307599999999979
 31
0
  0
LINE
  5
357
330
1B
100
AcDbEntity
  8
F.Silkscreen
  6
CONTINUOUS
100
AcDbLine
 10
76.8795229999999918
 20
-86.3307599999999979
 30
0
 11
76.917619000000002
 21
-86.292664000000002
 31
0
  0
LINE
  5
358
330
1B
100
AcDbEntity
  8
F.Silkscreen
  6
CONTINUOUS
100
AcDbLine
 10
76.917619000000002
 20
-86.292664000000002
 30
0
 11
76.917619000000002
 21
-86.0259980000000013
 31
0
  0
LINE
  5
359
330
1B
100
AcDbEntity
  8
F.Silkscreen
  6
CONTINUOUS
100
AcDbLine
 10
76.917619000000002
 20
-86.0259980000000013
 30
0
 11
76.7652379999999965
 21
-86.0259980000000013
 31
0
  0
LINE
  5
35A
330
1B
100
AcDbEntity
  8
F.Silkscreen
  6
CONTINUOUS
100
AcDbLine
 10
78.981427999999994
 20
-86.3307599999999979
 30
0
 11
79.095714000000001
 21
-86.3688549999999964
 31
0
  0
LINE
  5
35B
330
1B
100
AcDbEntity
  8
F.Silkscreen
  6
CONTINUOUS
100
AcDbLine
 10
79.095714000000001
 20
-86.3688549999999964
 30
0
 11
79.2861899999999906
 21
-86.3688549999999964
 31
0
  0
LINE
  5
35C
330
1B
100
AcDbEntity
  8
F.Silkscreen
  6
CONTINUOUS
100
AcDbLine
 10
79.2861899999999906
 20
-86.3688549999999964
 30
0
 11
79.3623809999999992
 21
-86.3307599999999979
 31
0
  0
LINE
  5
35D
330
1B
100
AcDbEntity
  8
F.Silkscreen
  6
CONTINUOUS
100
AcDbLine
 10
79.3623809999999992
 20
-86.3307599999999979
 30
0
 11
79.4004759999999976
 21
-86.292664000000002
 31
0
  0
LINE
  5
35E
330
1B
100
AcDbEntity
  8
F.Silkscreen
  6
CONTINUOUS
100
AcDbLine
 10
79.4004759999999976
 20
-86.292664000000002
 30
0
 11
79.438570999999996
 21
-86.216473999999991
 31
0
  0
LINE
  5
35F
330
1B
100
AcDbEntity
  8
F.Silkscreen
  6
CONTINUOUS
100
AcDbLine
 10
79.438570999999996
 20
-86.216473999999991
 30
0
 11
79.438570999999996
 21
-86.1402829999999966
 31
0
  0
LINE
  5
360
330
1B
100
AcDbEntity
  8
F.Silkscreen
  6
CONTINUOUS
100
AcDbLine
 10
79.438570999999996
 20
-86.1402829999999966
 30
0
 11
79.4004759999999976
 21
-86.0640929999999997
 31
0
  0
LINE
  5
361
330
1B
100
AcDbEntity
  8
F.Silkscreen
  6
CONTINUOUS
100
AcDbLine
 10
79.4004759999999976
 20
-86.0640929999999997
 30
0
 11
79.3623809999999992
 21
-86.0259980000000013
 31
0
  0
LINE
  5
362
330
1B
100
AcDbEntity
  8
F.Silkscreen
  6
CONTINUOUS
100
AcDbLine
 10
79.3623809999999992
 20
-86.0259980000000013
 30
0
 11
79.2861899999999906
 21
-85.9879019999999912
 31
0
  0
LINE
  5
363
330
1B
100
AcDbEntity
  8
F.Silkscreen
  6
CONTINUOUS
100
AcDbLine
 10
79.2861899999999906
 20
-85.9879019999999912
 30
0
 11
79.1338089999999994
 21
-85.9498069999999927
 31
0
  0
LINE
  5
364
330
1B
100
AcDbEntity
  8
F.Silkscreen
  6
CONTINUOUS
100
AcDbLine
 10
79.1338089999999994
 20
-85.9498069999999927
 30
0
 11
79.0576190000000025
 21
-85.9117119999999943
 31
0
  0
LINE
  5
365
330
1B
100
AcDbEntity
  8
F.Silkscreen
  6
CONTINUOUS
100
AcDbLine
 10
79.0576190000000025
 20
-85.9117119999999943
 30
0
 11
79.0195239999999899
 21
-85.8736169999999959
 31
0
  0
LINE
  5
366
330
1B
100
AcDbEntity
  8
F.Silkscreen
  6
CONTINUOUS
100
AcDbLine
 10
79.0195239999999899
 20
-85.8736169999999959
 30
0
 11
78.981427999999994
 21
-85.7974260000000015
 31
0
  0
LINE
  5
367
330
1B
100
AcDbEntity
  8
F.Silkscreen
  6
CONTINUOUS
100
AcDbLine
 10
78.981427999999994
 20
-85.7974260000000015
 30
0
 11
78.981427999999994
 21
-85.7212359999999904
 31
0
  0
LINE
  5
368
330
1B
100
AcDbEntity
  8
F.Silkscreen
  6
CONTINUOUS
100
AcDbLine
 10
78.981427999999994
 20
-85.7212359999999904
 30
0
 11
79.0195239999999899
 21
-85.6450449999999961
 31
0
  0
LINE
  5
369
330
1B
100
AcDbEntity
  8
F.Silkscreen
  6
CONTINUOUS
100
AcDbLine
 10
79.0195239999999899
 20
-85.6450449999999961
 30
0
 11
79.0576190000000025
 21
-85.6069499999999977
 31
0
  0
LINE
  5
36A
330
1B
100
AcDbEntity
  8
F.Silkscreen
  6
CONTINUOUS
100
AcDbLine
 10
79.0576190000000025
 20
-85.6069499999999977
 30
0
 11
79.1338089999999994
 21
-85.5688549999999992
 31
0
  0
LINE
  5
36B
330
1B
100
AcDbEntity
  8
F.Silkscreen
  6
CONTINUOUS
100
AcDbLine
 10
79.1338089999999994
 20
-85.5688549999999992
 30
0
 11
79.3242860000000007
 21
-85.5688549999999992
 31
0
  0
LINE
  5
36C
330
1B
100
AcDbEntity
  8
F.Silkscreen
  6
CONTINUOUS
100
AcDbLine
 10
79.3242860000000007
 20
-85.5688549999999992
 30
0
 11
79.438570999999996
 21
-85.6069499999999977
 31
0
  0
LINE
  5
36D
330
1B
100
AcDbEntity
  8
F.Silkscreen
  6
CONTINUOUS
100
AcDbLine
 10
39.9880950000000013
 20
-87.3848189999999931
 30
0
 11
39.9880950000000013
 21
-86.3848189999999931
 31
0
  0
LINE
  5
36E
330
1B
100
AcDbEntity
  8
F.Silkscreen
  6
CONTINUOUS
100
AcDbLine
 10
40.5595229999999987
 20
-87.3848189999999931
 30
0
 11
40.1309520000000006
 21
-86.8133899999999983
 31
0
  0
LINE
  5
36F
330
1B
100
AcDbEntity
  8
F.Silkscreen
  6
CONTINUOUS
100
AcDbLine
 10
40.5595229999999987
 20
-86.3848189999999931
 30
0
 11
39.9880950000000013
 21
-86.9562469999999905
 31
0
  0
LINE
  5
370
330
1B
100
AcDbEntity
  8
F.Silkscreen
  6
CONTINUOUS
100
AcDbLine
 10
62.0204759999999951
 20
-86.3688549999999964
 30
0
 11
62.0204759999999951
 21
-85.5688549999999992
 31
0
  0
LINE
  5
371
330
1B
100
AcDbEntity
  8
F.Silkscreen
  6
CONTINUOUS
100
AcDbLine
 10
62.0204759999999951
 20
-85.5688549999999992
 30
0
 11
62.2109519999999989
 21
-85.5688549999999992
 31
0
  0
LINE
  5
372
330
1B
100
AcDbEntity
  8
F.Silkscreen
  6
CONTINUOUS
100
AcDbLine
 10
62.2109519999999989
 20
-85.5688549999999992
 30
0
 11
62.3252379999999988
 21
-85.6069499999999977
 31
0
  0
LINE
  5
373
330
1B
100
AcDbEntity
  8
F.Silkscreen
  6
CONTINUOUS
100
AcDbLine
 10
62.3252379999999988
 20
-85.6069499999999977
 30
0
 11
62.4014279999999957
 21
-85.6831399999999945
 31
0
  0
LINE
  5
374
330
1B
100
AcDbEntity
  8
F.Silkscreen
  6
CONTINUOUS
100
AcDbLine
 10
62.4014279999999957
 20
-85.6831399999999945
 30
0
 11
62.4395229999999941
 21
-85.7593310000000031
 31
0
  0
LINE
  5
375
330
1B
100
AcDbEntity
  8
F.Silkscreen
  6
CONTINUOUS
100
AcDbLine
 10
62.4395229999999941
 20
-85.7593310000000031
 30
0
 11
62.4776189999999971
 21
-85.9117119999999943
 31
0
  0
LINE
  5
376
330
1B
100
AcDbEntity
  8
F.Silkscreen
  6
CONTINUOUS
100
AcDbLine
 10
62.4776189999999971
 20
-85.9117119999999943
 30
0
 11
62.4776189999999971
 21
-86.0259980000000013
 31
0
  0
LINE
  5
377
330
1B
100
AcDbEntity
  8
F.Silkscreen
  6
CONTINUOUS
100
AcDbLine
 10
62.4776189999999971
 20
-86.0259980000000013
 30
0
 11
62.4395229999999941
 21
-86.1783789999999925
 31
0
  0
LINE
  5
378
330
1B
100
AcDbEntity
  8
F.Silkscreen
  6
CONTINUOUS
100
AcDbLine
 10
62.4395229999999941
 20
-86.1783789999999925
 30
0
 11
62.4014279999999957
 21
-86.2545689999999894
 31
0
  0
LINE
  5
379
330
1B
100
AcDbEntity
  8
F.Silkscreen
  6
CONTINUOUS
100
AcDbLine
 10
62.4014279999999957
 20
-86.2545689999999894
 30
0
 11
62.3252379999999988
 21
-86.3307599999999979
 31
0
  0
LINE
  5
37A
330
1B
100
AcDbEntity
  8
F.Silkscreen
  6
CONTINUOUS
100
AcDbLine
 10
62.3252379999999988
 20
-86.3307599999999979
 30
0
 11
62.2109519999999989
 21
-86.3688549999999964
 31
0
  0
LINE
  5
37B
330
1B
100
AcDbEntity
  8
F.Silkscreen
  6
CONTINUOUS
100
AcDbLine
 10
62.2109519999999989
 20
-86.3688549999999964
 30
0
 11
62.0204759999999951
 21
-86.3688549999999964
 31
0
  0
LINE
  5
37C
330
1B
100
AcDbEntity
  8
F.Silkscreen
  6
CONTINUOUS
100
AcDbLine
 10
64.9795230000000004
 20
-85.6069499999999977
 30
0
 11
64.9033330000000035
 21
-85.5688549999999992
 31
0
  0
LINE
  5
37D
330
1B
100
AcDbEntity
  8
F.Silkscreen
  6
CONTINUOUS
100
AcDbLine
 10
64.9033330000000035
 20
-85.5688549999999992
 30
0
 11
64.7890469999999965
 21
-85.5688549999999992
 31
0
  0
LINE
  5
37E
330
1B
100
AcDbEntity
  8
F.Silkscreen
  6
CONTINUOUS
100
AcDbLine
 10
64.7890469999999965
 20
-85.5688549999999992
 30
0
 11
64.6747610000000037
 21
-85.6069499999999977
 31
0
  0
LINE
  5
37F
330
1B
100
AcDbEntity
  8
F.Silkscreen
  6
CONTINUOUS
100
AcDbLine
 10
64.6747610000000037
 20
-85.6069499999999977
 30
0
 11
64.5985709999999926
 21
-85.6831399999999945
 31
0
  0
LINE
  5
380
330
1B
100
AcDbEntity
  8
F.Silkscreen
  6
CONTINUOUS
100
AcDbLine
 10
64.5985709999999926
 20
-85.6831399999999945
 30
0
 11
64.5604759999999942
 21
-85.7593310000000031
 31
0
  0
LINE
  5
381
330
1B
100
AcDbEntity
  8
F.Silkscreen
  6
CONTINUOUS
100
AcDbLine
 10
64.5604759999999942
 20
-85.7593310000000031
 30
0
 11
64.5223799999999983
 21
-85.9117119999999943
 31
0
  0
LINE
  5
382
330
1B
100
AcDbEntity
  8
F.Silkscreen
  6
CONTINUOUS
100
AcDbLine
 10
64.5223799999999983
 20
-85.9117119999999943
 30
0
 11
64.5223799999999983
 21
-86.0259980000000013
 31
0
  0
LINE
  5
383
330
1B
100
AcDbEntity
  8
F.Silkscreen
  6
CONTINUOUS
100
AcDbLine
 10
64.5223799999999983
 20
-86.0259980000000013
 30
0
 11
64.5604759999999942
 21
-86.1783789999999925
 31
0
  0
LINE
  5
384
330
1B
100
AcDbEntity
  8
F.Silkscreen
  6
CONTINUOUS
100
AcDbLine
 10
64.5604759999999942
 20
-86.1783789999999925
 30
0
 11
64.5985709999999926
 21
-86.2545689999999894
 31
0
  0
LINE
  5
385
330
1B
100
AcDbEntity
  8
F.Silkscreen
  6
CONTINUOUS
100
AcDbLine
 10
64.5985709999999926
 20
-86.2545689999999894
 30
0
 11
64.6747610000000037
 21
-86.3307599999999979
 31
0
  0
LINE
  5
386
330
1B
100
AcDbEntity
  8
F.Silkscreen
  6
CONTINUOUS
100
AcDbLine
 10
64.6747610000000037
 20
-86.3307599999999979
 30
0
 11
64.7890469999999965
 21
-86.3688549999999964
 31
0
  0
LINE
  5
387
330
1B
100
AcDbEntity
  8
F.Silkscreen
  6
CONTINUOUS
100
AcDbLine
 10
64.7890469999999965
 20
-86.3688549999999964
 30
0
 11
64.8652379999999908
 21
-86.3688549999999964
 31
0
  0
LINE
  5
388
330
1B
100
AcDbEntity
  8
F.Silkscreen
  6
CONTINUOUS
100
AcDbLine
 10
64.8652379999999908
 20
-86.3688549999999964
 30
0
 11
64.9795230000000004
 21
-86.3307599999999979
 31
0
  0
LINE
  5
389
330
1B
100
AcDbEntity
  8
F.Silkscreen
  6
CONTINUOUS
100
AcDbLine
 10
64.9795230000000004
 20
-86.3307599999999979
 30
0
 11
65.0176189999999963
 21
-86.292664000000002
 31
0
  0
LINE
  5
38A
330
1B
100
AcDbEntity
  8
F.Silkscreen
  6
CONTINUOUS
100
AcDbLine
 10
65.0176189999999963
 20
-86.292664000000002
 30
0
 11
65.0176189999999963
 21
-86.0259980000000013
 31
0
  0
LINE
  5
38B
330
1B
100
AcDbEntity
  8
F.Silkscreen
  6
CONTINUOUS
100
AcDbLine
 10
65.0176189999999963
 20
-86.0259980000000013
 30
0
 11
64.8652379999999908
 21
-86.0259980000000013
 31
0
  0
LINE
  5
38C
330
1B
100
AcDbEntity
  8
F.Silkscreen
  6
CONTINUOUS
100
AcDbLine
 10
67.0814280000000025
 20
-86.3307599999999979
 30
0
 11
67.1957139999999953
 21
-86.3688549999999964
 31
0
  0
LINE
  5
38D
330
1B
100
AcDbEntity
  8
F.Silkscreen
  6
CONTINUOUS
100
AcDbLine
 10
67.1957139999999953
 20
-86.3688549999999964
 30
0
 11
67.3861899999999991
 21
-86.3688549999999964
 31
0
  0
LINE
  5
38E
330
1B
100
AcDbEntity
  8
F.Silkscreen
  6
CONTINUOUS
100
AcDbLine
 10
67.3861899999999991
 20
-86.3688549999999964
 30
0
 11
67.4623809999999935
 21
-86.3307599999999979
 31
0
  0
LINE
  5
38F
330
1B
100
AcDbEntity
  8
F.Silkscreen
  6
CONTINUOUS
100
AcDbLine
 10
67.4623809999999935
 20
-86.3307599999999979
 30
0
 11
67.5004759999999919
 21
-86.292664000000002
 31
0
  0
LINE
  5
390
330
1B
100
AcDbEntity
  8
F.Silkscreen
  6
CONTINUOUS
100
AcDbLine
 10
67.5004759999999919
 20
-86.292664000000002
 30
0
 11
67.5385709999999904
 21
-86.216473999999991
 31
0
  0
LINE
  5
391
330
1B
100
AcDbEntity
  8
F.Silkscreen
  6
CONTINUOUS
100
AcDbLine
 10
67.5385709999999904
 20
-86.216473999999991
 30
0
 11
67.5385709999999904
 21
-86.1402829999999966
 31
0
  0
LINE
  5
392
330
1B
100
AcDbEntity
  8
F.Silkscreen
  6
CONTINUOUS
100
AcDbLine
 10
67.5385709999999904
 20
-86.1402829999999966
 30
0
 11
67.5004759999999919
 21
-86.0640929999999997
 31
0
  0
LINE
  5
393
330
1B
100
AcDbEntity
  8
F.Silkscreen
  6
CONTINUOUS
100
AcDbLine
 10
67.5004759999999919
 20
-86.0640929999999997
 30
0
 11
67.4623809999999935
 21
-86.0259980000000013
 31
0
  0
LINE
  5
394
330
1B
100
AcDbEntity
  8
F.Silkscreen
  6
CONTINUOUS
100
AcDbLine
 10
67.4623809999999935
 20
-86.0259980000000013
 30
0
 11
67.3861899999999991
 21
-85.9879019999999912
 31
0
  0
LINE
  5
395
330
1B
100
AcDbEntity
  8
F.Silkscreen
  6
CONTINUOUS
100
AcDbLine
 10
67.3861899999999991
 20
-85.9879019999999912
 30
0
 11
67.2338089999999937
 21
-85.9498069999999927
 31
0
  0
LINE
  5
396
330
1B
100
AcDbEntity
  8
F.Silkscreen
  6
CONTINUOUS
100
AcDbLine
 10
67.2338089999999937
 20
-85.9498069999999927
 30
0
 11
67.1576189999999968
 21
-85.9117119999999943
 31
0
  0
LINE
  5
397
330
1B
100
AcDbEntity
  8
F.Silkscreen
  6
CONTINUOUS
100
AcDbLine
 10
67.1576189999999968
 20
-85.9117119999999943
 30
0
 11
67.1195239999999984
 21
-85.8736169999999959
 31
0
  0
LINE
  5
398
330
1B
100
AcDbEntity
  8
F.Silkscreen
  6
CONTINUOUS
100
AcDbLine
 10
67.1195239999999984
 20
-85.8736169999999959
 30
0
 11
67.0814280000000025
 21
-85.7974260000000015
 31
0
  0
LINE
  5
399
330
1B
100
AcDbEntity
  8
F.Silkscreen
  6
CONTINUOUS
100
AcDbLine
 10
67.0814280000000025
 20
-85.7974260000000015
 30
0
 11
67.0814280000000025
 21
-85.7212359999999904
 31
0
  0
LINE
  5
39A
330
1B
100
AcDbEntity
  8
F.Silkscreen
  6
CONTINUOUS
100
AcDbLine
 10
67.0814280000000025
 20
-85.7212359999999904
 30
0
 11
67.1195239999999984
 21
-85.6450449999999961
 31
0
  0
LINE
  5
39B
330
1B
100
AcDbEntity
  8
F.Silkscreen
  6
CONTINUOUS
100
AcDbLine
 10
67.1195239999999984
 20
-85.6450449999999961
 30
0
 11
67.1576189999999968
 21
-85.6069499999999977
 31
0
  0
LINE
  5
39C
330
1B
100
AcDbEntity
  8
F.Silkscreen
  6
CONTINUOUS
100
AcDbLine
 10
67.1576189999999968
 20
-85.6069499999999977
 30
0
 11
67.2338089999999937
 21
-85.5688549999999992
 31
0
  0
LINE
  5
39D
330
1B
100
AcDbEntity
  8
F.Silkscreen
  6
CONTINUOUS
100
AcDbLine
 10
67.2338089999999937
 20
-85.5688549999999992
 30
0
 11
67.4242859999999951
 21
-85.5688549999999992
 31
0
  0
LINE
  5
39E
330
1B
100
AcDbEntity
  8
F.Silkscreen
  6
CONTINUOUS
100
AcDbLine
 10
67.4242859999999951
 20
-85.5688549999999992
 30
0
 11
67.5385709999999904
 21
-85.6069499999999977
 31
0
  0
LINE
  5
39F
330
1B
100
AcDbEntity
  8
F.Silkscreen
  6
CONTINUOUS
100
AcDbLine
 10
25.259999999999998
 20
-86.8199999999999932
 30
0
 11
35.4799999999999969
 21
-86.8199999999999932
 31
0
  0
LINE
  5
3A0
330
1B
100
AcDbEntity
  8
F.Silkscreen
  6
CONTINUOUS
100
AcDbLine
 10
25.259999999999998
 20
-88.2000000000000028
 30
0
 11
35.4799999999999969
 21
-88.2000000000000028
 31
0
  0
LINE
  5
3A1
330
1B
100
AcDbEntity
  8
F.Silkscreen
  6
CONTINUOUS
100
AcDbLine
 10
25.259999999999998
 20
-91.4399999999999977
 30
0
 11
25.259999999999998
 21
-86.8199999999999932
 31
0
  0
LINE
  5
3A2
330
1B
100
AcDbEntity
  8
F.Silkscreen
  6
CONTINUOUS
100
AcDbLine
 10
28.5199999999999996
 20
-86.8199999999999932
 30
0
 11
28.5199999999999996
 21
-88.2000000000000028
 31
0
  0
LINE
  5
3A3
330
1B
100
AcDbEntity
  8
F.Silkscreen
  6
CONTINUOUS
100
AcDbLine
 10
32.2199999999999989
 20
-86.8199999999999932
 30
0
 11
32.2199999999999989
 21
-88.2000000000000028
 31
0
  0
LINE
  5
3A4
330
1B
100
AcDbEntity
  8
F.Silkscreen
  6
CONTINUOUS
100
AcDbLine
 10
35.4799999999999969
 20
-86.8199999999999932
 30
0
 11
35.4799999999999969
 21
-91.4399999999999977
 31
0
  0
LINE
  5
3A5
330
1B
100
AcDbEntity
  8
F.Silkscreen
  6
CONTINUOUS
100
AcDbLine
 10
35.4799999999999969
 20
-91.4399999999999977
 30
0
 11
25.259999999999998
 21
-91.4399999999999977
 31
0
  0
LINE
  5
3A6
330
1B
100
AcDbEntity
  8
F.Silkscreen
  6
CONTINUOUS
100
AcDbLine
 10
59.4699999999999989
 20
-26.4800000000000004
 30
0
 11
59.4699999999999989
 21
-27.9800000000000004
 31
0
  0
LINE
  5
3A7
330
1B
100
AcDbEntity
  8
F.Silkscreen
  6
CONTINUOUS
100
AcDbLine
 10
60.7199999999999989
 20
-30.4799999999999969
 30
0
 11
65.2199999999999989
 21
-30.4799999999999969
 31
0
  0
LINE
  5
3A8
330
1B
100
AcDbEntity
  8
F.Silkscreen
  6
CONTINUOUS
100
AcDbLine
 10
65.2199999999999989
 20
-23.9800000000000004
 30
0
 11
60.7199999999999989
 21
-23.9800000000000004
 31
0
  0
LINE
  5
3A9
330
1B
100
AcDbEntity
  8
F.Silkscreen
  6
CONTINUOUS
100
AcDbLine
 10
66.4699999999999989
 20
-27.9800000000000004
 30
0
 11
66.4699999999999989
 21
-26.4800000000000004
 31
0
  0
LINE
  5
3AA
330
1B
100
AcDbEntity
  8
F.Silkscreen
  6
CONTINUOUS
100
AcDbLine
 10
25.4699999999999989
 20
-23.8099999999999987
 30
0
 11
25.4699999999999989
 21
-34.25
 31
0
  0
LINE
  5
3AB
330
1B
100
AcDbEntity
  8
F.Silkscreen
  6
CONTINUOUS
100
AcDbLine
 10
25.4699999999999989
 20
-23.8099999999999987
 30
0
 11
28.2699999999999996
 21
-23.8099999999999987
 31
0
  0
LINE
  5
3AC
330
1B
100
AcDbEntity
  8
F.Silkscreen
  6
CONTINUOUS
100
AcDbLine
 10
25.4699999999999989
 20
-34.25
 30
0
 11
28.2699999999999996
 21
-34.25
 31
0
  0
LINE
  5
3AD
330
1B
100
AcDbEntity
  8
F.Silkscreen
  6
CONTINUOUS
100
AcDbLine
 10
28.2699999999999996
 20
-23.8099999999999987
 30
0
 11
28.2699999999999996
 21
-34.25
 31
0
  0
LINE
  5
3AE
330
1B
100
AcDbEntity
  8
F.Silkscreen
  6
CONTINUOUS
100
AcDbLine
 10
71.2049999999999983
 20
-25.0849999999999973
 30
0
 11
71.2049999999999983
 21
-28.1749999999999972
 31
0
  0
ARC
  5
3AF
330
1B
100
AcDbEntity
  8
F.Silkscreen
100
AcDbCircle
 10
73.7650000000000006
 20
-26.629999999999999
 30
0
 40
2.9899999546655511
100
AcDbArc
 50
0.00000000
 51
148.89115157
  0
ARC
  5
3B0
330
1B
100
AcDbEntity
  8
F.Silkscreen
100
AcDbCircle
 10
73.7650000000000006
 20
-26.629999999999999
 30
0
 40
2.9899999999999998
100
AcDbArc
 50
-148.89115157
 51
-0.00000000
  0
CIRCLE
  5
3B1
330
1B
100
AcDbEntity
  8
F.Silkscreen
100
AcDbCircle
 10
73.7650000000000006
 20
-26.629999999999999
 30
0
 40
2.5
  0
LINE
  5
3B2
330
1B
100
AcDbEntity
  8
F.Silkscreen
  6
CONTINUOUS
100
AcDbLine
 10
26.6999999999999993
 20
-95.3599999999999994
 30
0
 11
33.240000000000002
 21
-95.3599999999999994
 31
0
  0
LINE
  5
3B3
330
1B
100
AcDbEntity
  8
F.Silkscreen
  6
CONTINUOUS
100
AcDbLine
 10
26.6999999999999993
 20
-95.6899999999999977
 30
0
 11
26.6999999999999993
 21
-95.3599999999999994
 31
0
  0
LINE
  5
3B4
330
1B
100
AcDbEntity
  8
F.Silkscreen
  6
CONTINUOUS
100
AcDbLine
 10
26.6999999999999993
 20
-97.769999999999996
 30
0
 11
26.6999999999999993
 21
-98.0999999999999943
 31
0
  0
LINE
  5
3B5
330
1B
100
AcDbEntity
  8
F.Silkscreen
  6
CONTINUOUS
100
AcDbLine
 10
26.6999999999999993
 20
-98.0999999999999943
 30
0
 11
33.240000000000002
 21
-98.0999999999999943
 31
0
  0
LINE
  5
3B6
330
1B
100
AcDbEntity
  8
F.Silkscreen
  6
CONTINUOUS
100
AcDbLine
 10
33.240000000000002
 20
-95.3599999999999994
 30
0
 11
33.240000000000002
 21
-95.6899999999999977
 31
0
  0
LINE
  5
3B7
330
1B
100
AcDbEntity
  8
F.Silkscreen
  6
CONTINUOUS
100
AcDbLine
 10
33.240000000000002
 20
-98.0999999999999943
 30
0
 11
33.240000000000002
 21
-97.769999999999996
 31
0
  0
LINE
  5
3B8
330
1B
100
AcDbEntity
  8
F.Silkscreen
  6
CONTINUOUS
100
AcDbLine
 10
55.9499999999999957
 20
-41.5599999999999952
 30
0
 11
61.1899999999999977
 21
-41.5599999999999952
 31
0
  0
LINE
  5
3B9
330
1B
100
AcDbEntity
  8
F.Silkscreen
  6
CONTINUOUS
100
AcDbLine
 10
55.9499999999999957
 20
-44.2999999999999972
 30
0
 11
55.9499999999999957
 21
-41.5599999999999952
 31
0
  0
LINE
  5
3BA
330
1B
100
AcDbEntity
  8
F.Silkscreen
  6
CONTINUOUS
100
AcDbLine
 10
61.1899999999999977
 20
-41.5599999999999952
 30
0
 11
61.1899999999999977
 21
-44.2999999999999972
 31
0
  0
LINE
  5
3BB
330
1B
100
AcDbEntity
  8
F.Silkscreen
  6
CONTINUOUS
100
AcDbLine
 10
61.1899999999999977
 20
-44.2999999999999972
 30
0
 11
55.9499999999999957
 21
-44.2999999999999972
 31
0
  0
LINE
  5
3BC
330
1B
100
AcDbEntity
  8
F.Silkscreen
  6
CONTINUOUS
100
AcDbLine
 10
105.4299999999999926
 20
-66.230000000000004
 30
0
 11
106.4499999999999886
 21
-66.230000000000004
 31
0
  0
LINE
  5
3BD
330
1B
100
AcDbEntity
  8
F.Silkscreen
  6
CONTINUOUS
100
AcDbLine
 10
107.2299999999999898
 20
-64.7599999999999909
 30
0
 11
107.2299999999999898
 21
-67.7000000000000028
 31
0
  0
LINE
  5
3BE
330
1B
100
AcDbEntity
  8
F.Silkscreen
  6
CONTINUOUS
100
AcDbLine
 10
107.3499999999999943
 20
-64.7599999999999909
 30
0
 11
107.3499999999999943
 21
-67.7000000000000028
 31
0
  0
LINE
  5
3BF
330
1B
100
AcDbEntity
  8
F.Silkscreen
  6
CONTINUOUS
100
AcDbLine
 10
107.4699999999999989
 20
-64.7599999999999909
 30
0
 11
107.4699999999999989
 21
-67.7000000000000028
 31
0
  0
LINE
  5
3C0
330
1B
100
AcDbEntity
  8
F.Silkscreen
  6
CONTINUOUS
100
AcDbLine
 10
112.9099999999999966
 20
-66.230000000000004
 30
0
 11
111.8900000000000006
 21
-66.230000000000004
 31
0
  0
LINE
  5
3C1
330
1B
100
AcDbEntity
  8
F.Silkscreen
  6
CONTINUOUS
100
AcDbLine
 10
106.4499999999999886
 20
-64.7599999999999909
 30
0
 11
111.8900000000000006
 21
-64.7599999999999909
 31
0
  0
LINE
  5
3C2
330
1B
100
AcDbEntity
  8
F.Silkscreen
  6
CONTINUOUS
100
AcDbLine
 10
111.8900000000000006
 20
-64.7599999999999909
 30
0
 11
111.8900000000000006
 21
-67.7000000000000028
 31
0
  0
LINE
  5
3C3
330
1B
100
AcDbEntity
  8
F.Silkscreen
  6
CONTINUOUS
100
AcDbLine
 10
111.8900000000000006
 20
-67.7000000000000028
 30
0
 11
106.4499999999999886
 21
-67.7000000000000028
 31
0
  0
LINE
  5
3C4
330
1B
100
AcDbEntity
  8
F.Silkscreen
  6
CONTINUOUS
100
AcDbLine
 10
106.4499999999999886
 20
-67.7000000000000028
 30
0
 11
106.4499999999999886
 21
-64.7599999999999909
 31
0
  0
LINE
  5
3C5
330
1B
100
AcDbEntity
  8
F.Silkscreen
  6
CONTINUOUS
100
AcDbLine
 10
81.3999999999999915
 20
-23.5599999999999987
 30
0
 11
87.9399999999999977
 21
-23.5599999999999987
 31
0
  0
LINE
  5
3C6
330
1B
100
AcDbEntity
  8
F.Silkscreen
  6
CONTINUOUS
100
AcDbLine
 10
81.3999999999999915
 20
-23.8900000000000006
 30
0
 11
81.3999999999999915
 21
-23.5599999999999987
 31
0
  0
LINE
  5
3C7
330
1B
100
AcDbEntity
  8
F.Silkscreen
  6
CONTINUOUS
100
AcDbLine
 10
81.3999999999999915
 20
-25.9699999999999989
 30
0
 11
81.3999999999999915
 21
-26.2999999999999972
 31
0
  0
LINE
  5
3C8
330
1B
100
AcDbEntity
  8
F.Silkscreen
  6
CONTINUOUS
100
AcDbLine
 10
81.3999999999999915
 20
-26.2999999999999972
 30
0
 11
87.9399999999999977
 21
-26.2999999999999972
 31
0
  0
LINE
  5
3C9
330
1B
100
AcDbEntity
  8
F.Silkscreen
  6
CONTINUOUS
100
AcDbLine
 10
87.9399999999999977
 20
-23.5599999999999987
 30
0
 11
87.9399999999999977
 21
-23.8900000000000006
 31
0
  0
LINE
  5
3CA
330
1B
100
AcDbEntity
  8
F.Silkscreen
  6
CONTINUOUS
100
AcDbLine
 10
87.9399999999999977
 20
-26.2999999999999972
 30
0
 11
87.9399999999999977
 21
-25.9699999999999989
 31
0
  0
LINE
  5
3CB
330
1B
100
AcDbEntity
  8
F.Silkscreen
  6
CONTINUOUS
100
AcDbLine
 10
89.4500000000000028
 20
-78.1599999999999966
 30
0
 11
94.6899999999999977
 21
-78.1599999999999966
 31
0
  0
LINE
  5
3CC
330
1B
100
AcDbEntity
  8
F.Silkscreen
  6
CONTINUOUS
100
AcDbLine
 10
89.4500000000000028
 20
-80.8999999999999915
 30
0
 11
89.4500000000000028
 21
-78.1599999999999966
 31
0
  0
LINE
  5
3CD
330
1B
100
AcDbEntity
  8
F.Silkscreen
  6
CONTINUOUS
100
AcDbLine
 10
94.6899999999999977
 20
-78.1599999999999966
 30
0
 11
94.6899999999999977
 21
-80.8999999999999915
 31
0
  0
LINE
  5
3CE
330
1B
100
AcDbEntity
  8
F.Silkscreen
  6
CONTINUOUS
100
AcDbLine
 10
94.6899999999999977
 20
-80.8999999999999915
 30
0
 11
89.4500000000000028
 21
-80.8999999999999915
 31
0
  0
LINE
  5
3CF
330
1B
100
AcDbEntity
  8
F.Silkscreen
  6
CONTINUOUS
100
AcDbLine
 10
70.9899999999999949
 20
-67.5300000000000011
 30
0
 11
71.8999999999999915
 21
-67.5300000000000011
 31
0
  0
LINE
  5
3D0
330
1B
100
AcDbEntity
  8
F.Silkscreen
  6
CONTINUOUS
100
AcDbLine
 10
73.3250000000000028
 20
-64.8100000000000023
 30
0
 11
73.3250000000000028
 21
-70.25
 31
0
  0
LINE
  5
3D1
330
1B
100
AcDbEntity
  8
F.Silkscreen
  6
CONTINUOUS
100
AcDbLine
 10
73.4449999999999932
 20
-64.8100000000000023
 30
0
 11
73.4449999999999932
 21
-70.25
 31
0
  0
LINE
  5
3D2
330
1B
100
AcDbEntity
  8
F.Silkscreen
  6
CONTINUOUS
100
AcDbLine
 10
73.5649999999999977
 20
-64.8100000000000023
 30
0
 11
73.5649999999999977
 21
-70.25
 31
0
  0
LINE
  5
3D3
330
1B
100
AcDbEntity
  8
F.Silkscreen
  6
CONTINUOUS
100
AcDbLine
 10
82.5499999999999972
 20
-67.5300000000000011
 30
0
 11
81.6400000000000006
 21
-67.5300000000000011
 31
0
  0
LINE
  5
3D4
330
1B
100
AcDbEntity
  8
F.Silkscreen
  6
CONTINUOUS
100
AcDbLine
 10
71.8999999999999915
 20
-64.8100000000000023
 30
0
 11
81.6400000000000006
 21
-64.8100000000000023
 31
0
  0
LINE
  5
3D5
330
1B
100
AcDbEntity
  8
F.Silkscreen
  6
CONTINUOUS
100
AcDbLine
 10
81.6400000000000006
 20
-64.8100000000000023
 30
0
 11
81.6400000000000006
 21
-70.25
 31
0
  0
LINE
  5
3D6
330
1B
100
AcDbEntity
  8
F.Silkscreen
  6
CONTINUOUS
100
AcDbLine
 10
81.6400000000000006
 20
-70.25
 30
0
 11
71.8999999999999915
 21
-70.25
 31
0
  0
LINE
  5
3D7
330
1B
100
AcDbEntity
  8
F.Silkscreen
  6
CONTINUOUS
100
AcDbLine
 10
71.8999999999999915
 20
-70.25
 30
0
 11
71.8999999999999915
 21
-64.8100000000000023
 31
0
  0
LINE
  5
3D8
330
1B
100
AcDbEntity
  8
F.Silkscreen
  6
CONTINUOUS
100
AcDbLine
 10
81.0499999999999972
 20
-78.1599999999999966
 30
0
 11
86.289999999999992
 21
-78.1599999999999966
 31
0
  0
LINE
  5
3D9
330
1B
100
AcDbEntity
  8
F.Silkscreen
  6
CONTINUOUS
100
AcDbLine
 10
81.0499999999999972
 20
-80.8999999999999915
 30
0
 11
81.0499999999999972
 21
-78.1599999999999966
 31
0
  0
LINE
  5
3DA
330
1B
100
AcDbEntity
  8
F.Silkscreen
  6
CONTINUOUS
100
AcDbLine
 10
86.289999999999992
 20
-78.1599999999999966
 30
0
 11
86.289999999999992
 21
-80.8999999999999915
 31
0
  0
LINE
  5
3DB
330
1B
100
AcDbEntity
  8
F.Silkscreen
  6
CONTINUOUS
100
AcDbLine
 10
86.289999999999992
 20
-80.8999999999999915
 30
0
 11
81.0499999999999972
 21
-80.8999999999999915
 31
0
  0
LINE
  5
3DC
330
1B
100
AcDbEntity
  8
F.Silkscreen
  6
CONTINUOUS
100
AcDbLine
 10
72.3299999999999983
 20
-86.8049999999999926
 30
0
 11
81.0099999999999909
 21
-86.8049999999999926
 31
0
  0
LINE
  5
3DD
330
1B
100
AcDbEntity
  8
F.Silkscreen
  6
CONTINUOUS
100
AcDbLine
 10
72.3299999999999983
 20
-91.2549999999999955
 30
0
 11
72.3299999999999983
 21
-86.8049999999999926
 31
0
  0
LINE
  5
3DE
330
1B
100
AcDbEntity
  8
F.Silkscreen
  6
CONTINUOUS
100
AcDbLine
 10
72.3299999999999983
 20
-91.2549999999999955
 30
0
 11
81.0099999999999909
 21
-91.2549999999999955
 31
0
  0
LINE
  5
3DF
330
1B
100
AcDbEntity
  8
F.Silkscreen
  6
CONTINUOUS
100
AcDbLine
 10
81.0099999999999909
 20
-86.8049999999999926
 30
0
 11
81.0099999999999909
 21
-91.2549999999999955
 31
0
  0
LINE
  5
3E0
330
1B
100
AcDbEntity
  8
F.Silkscreen
  6
CONTINUOUS
100
AcDbLine
 10
72.6499999999999915
 20
-41.5599999999999952
 30
0
 11
77.8900000000000006
 21
-41.5599999999999952
 31
0
  0
LINE
  5
3E1
330
1B
100
AcDbEntity
  8
F.Silkscreen
  6
CONTINUOUS
100
AcDbLine
 10
72.6499999999999915
 20
-44.2999999999999972
 30
0
 11
72.6499999999999915
 21
-41.5599999999999952
 31
0
  0
LINE
  5
3E2
330
1B
100
AcDbEntity
  8
F.Silkscreen
  6
CONTINUOUS
100
AcDbLine
 10
77.8900000000000006
 20
-41.5599999999999952
 30
0
 11
77.8900000000000006
 21
-44.2999999999999972
 31
0
  0
LINE
  5
3E3
330
1B
100
AcDbEntity
  8
F.Silkscreen
  6
CONTINUOUS
100
AcDbLine
 10
77.8900000000000006
 20
-44.2999999999999972
 30
0
 11
72.6499999999999915
 21
-44.2999999999999972
 31
0
  0
LINE
  5
3E4
330
1B
100
AcDbEntity
  8
F.Silkscreen
  6
CONTINUOUS
100
AcDbLine
 10
31.8699999999999974
 20
-23.8399999999999999
 30
0
 11
31.8699999999999974
 21
-36.8200000000000003
 31
0
  0
LINE
  5
3E5
330
1B
100
AcDbEntity
  8
F.Silkscreen
  6
CONTINUOUS
100
AcDbLine
 10
31.8699999999999974
 20
-23.8399999999999999
 30
0
 11
34.6700000000000017
 21
-23.8399999999999999
 31
0
  0
LINE
  5
3E6
330
1B
100
AcDbEntity
  8
F.Silkscreen
  6
CONTINUOUS
100
AcDbLine
 10
31.8699999999999974
 20
-36.8200000000000003
 30
0
 11
34.6700000000000017
 21
-36.8200000000000003
 31
0
  0
LINE
  5
3E7
330
1B
100
AcDbEntity
  8
F.Silkscreen
  6
CONTINUOUS
100
AcDbLine
 10
34.6700000000000017
 20
-23.8399999999999999
 30
0
 11
34.6700000000000017
 21
-36.8200000000000003
 31
0
  0
LINE
  5
3E8
330
1B
100
AcDbEntity
  8
F.Silkscreen
  6
CONTINUOUS
100
AcDbLine
 10
87.7149999999999892
 20
-47.4249999999999972
 30
0
 11
100.9230000000000018
 21
-47.4249999999999972
 31
0
  0
LINE
  5
3E9
330
1B
100
AcDbEntity
  8
F.Silkscreen
  6
CONTINUOUS
100
AcDbLine
 10
87.7149999999999892
 20
-61.634999999999998
 30
0
 11
87.7149999999999892
 21
-47.4249999999999972
 31
0
  0
LINE
  5
3EA
330
1B
100
AcDbEntity
  8
F.Silkscreen
  6
CONTINUOUS
100
AcDbLine
 10
100.9230000000000018
 20
-61.634999999999998
 30
0
 11
87.7149999999999892
 21
-61.634999999999998
 31
0
  0
LINE
  5
3EB
330
1B
100
AcDbEntity
  8
F.Silkscreen
  6
CONTINUOUS
100
AcDbLine
 10
101.4170000000000016
 20
-47.4249999999999972
 30
0
 11
114.625
 21
-47.4249999999999972
 31
0
  0
LINE
  5
3EC
330
1B
100
AcDbEntity
  8
F.Silkscreen
  6
CONTINUOUS
100
AcDbLine
 10
114.625
 20
-47.4249999999999972
 30
0
 11
114.625
 21
-61.634999999999998
 31
0
  0
LINE
  5
3ED
330
1B
100
AcDbEntity
  8
F.Silkscreen
  6
CONTINUOUS
100
AcDbLine
 10
114.625
 20
-61.634999999999998
 30
0
 11
101.4170000000000016
 21
-61.634999999999998
 31
0
  0
LINE
  5
3EE
330
1B
100
AcDbEntity
  8
F.Silkscreen
  6
CONTINUOUS
100
AcDbLine
 10
98.2999999999999972
 20
-86.7599999999999909
 30
0
 11
104.8399999999999892
 21
-86.7599999999999909
 31
0
  0
LINE
  5
3EF
330
1B
100
AcDbEntity
  8
F.Silkscreen
  6
CONTINUOUS
100
AcDbLine
 10
98.2999999999999972
 20
-87.0899999999999892
 30
0
 11
98.2999999999999972
 21
-86.7599999999999909
 31
0
  0
LINE
  5
3F0
330
1B
100
AcDbEntity
  8
F.Silkscreen
  6
CONTINUOUS
100
AcDbLine
 10
98.2999999999999972
 20
-89.1700000000000017
 30
0
 11
98.2999999999999972
 21
-89.5
 31
0
  0
LINE
  5
3F1
330
1B
100
AcDbEntity
  8
F.Silkscreen
  6
CONTINUOUS
100
AcDbLine
 10
98.2999999999999972
 20
-89.5
 30
0
 11
104.8399999999999892
 21
-89.5
 31
0
  0
LINE
  5
3F2
330
1B
100
AcDbEntity
  8
F.Silkscreen
  6
CONTINUOUS
100
AcDbLine
 10
104.8399999999999892
 20
-86.7599999999999909
 30
0
 11
104.8399999999999892
 21
-87.0899999999999892
 31
0
  0
LINE
  5
3F3
330
1B
100
AcDbEntity
  8
F.Silkscreen
  6
CONTINUOUS
100
AcDbLine
 10
104.8399999999999892
 20
-89.5
 30
0
 11
104.8399999999999892
 21
-89.1700000000000017
 31
0
  0
LINE
  5
3F4
330
1B
100
AcDbEntity
  8
F.Silkscreen
  6
CONTINUOUS
100
AcDbLine
 10
85.7000000000000028
 20
-86.7599999999999909
 30
0
 11
92.2399999999999949
 21
-86.7599999999999909
 31
0
  0
LINE
  5
3F5
330
1B
100
AcDbEntity
  8
F.Silkscreen
  6
CONTINUOUS
100
AcDbLine
 10
85.7000000000000028
 20
-87.0899999999999892
 30
0
 11
85.7000000000000028
 21
-86.7599999999999909
 31
0
  0
LINE
  5
3F6
330
1B
100
AcDbEntity
  8
F.Silkscreen
  6
CONTINUOUS
100
AcDbLine
 10
85.7000000000000028
 20
-89.1700000000000017
 30
0
 11
85.7000000000000028
 21
-89.5
 31
0
  0
LINE
  5
3F7
330
1B
100
AcDbEntity
  8
F.Silkscreen
  6
CONTINUOUS
100
AcDbLine
 10
85.7000000000000028
 20
-89.5
 30
0
 11
92.2399999999999949
 21
-89.5
 31
0
  0
LINE
  5
3F8
330
1B
100
AcDbEntity
  8
F.Silkscreen
  6
CONTINUOUS
100
AcDbLine
 10
92.2399999999999949
 20
-86.7599999999999909
 30
0
 11
92.2399999999999949
 21
-87.0899999999999892
 31
0
  0
LINE
  5
3F9
330
1B
100
AcDbEntity
  8
F.Silkscreen
  6
CONTINUOUS
100
AcDbLine
 10
92.2399999999999949
 20
-89.5
 30
0
 11
92.2399999999999949
 21
-89.1700000000000017
 31
0
  0
LINE
  5
3FA
330
1B
100
AcDbEntity
  8
F.Silkscreen
  6
CONTINUOUS
100
AcDbLine
 10
55.857602
 20
-66.6149999999999949
 30
0
 11
56.6576019999999971
 21
-66.6149999999999949
 31
0
  0
LINE
  5
3FB
330
1B
100
AcDbEntity
  8
F.Silkscreen
  6
CONTINUOUS
100
AcDbLine
 10
56.2576019999999986
 20
-66.2150000000000034
 30
0
 11
56.2576019999999986
 21
-67.0150000000000006
 31
0
  0
LINE
  5
3FC
330
1B
100
AcDbEntity
  8
F.Silkscreen
  6
CONTINUOUS
100
AcDbLine
 10
60.2672999999999988
 20
-64.8499999999999943
 30
0
 11
60.2672999999999988
 21
-73.0099999999999909
 31
0
  0
LINE
  5
3FD
330
1B
100
AcDbEntity
  8
F.Silkscreen
  6
CONTINUOUS
100
AcDbLine
 10
60.3072999999999979
 20
-64.8499999999999943
 30
0
 11
60.3072999999999979
 21
-73.0099999999999909
 31
0
  0
LINE
  5
3FE
330
1B
100
AcDbEntity
  8
F.Silkscreen
  6
CONTINUOUS
100
AcDbLine
 10
60.3472999999999971
 20
-64.8509999999999991
 30
0
 11
60.3472999999999971
 21
-73.0090000000000003
 31
0
  0
LINE
  5
3FF
330
1B
100
AcDbEntity
  8
F.Silkscreen
  6
CONTINUOUS
100
AcDbLine
 10
60.3872999999999962
 20
-64.8520000000000039
 30
0
 11
60.3872999999999962
 21
-73.0079999999999956
 31
0
  0
LINE
  5
400
330
1B
100
AcDbEntity
  8
F.Silkscreen
  6
CONTINUOUS
100
AcDbLine
 10
60.4272999999999954
 20
-64.8529999999999944
 30
0
 11
60.4272999999999954
 21
-73.0069999999999908
 31
0
  0
LINE
  5
401
330
1B
100
AcDbEntity
  8
F.Silkscreen
  6
CONTINUOUS
100
AcDbLine
 10
60.4672999999999945
 20
-64.855000000000004
 30
0
 11
60.4672999999999945
 21
-73.0049999999999955
 31
0
  0
LINE
  5
402
330
1B
100
AcDbEntity
  8
F.Silkscreen
  6
CONTINUOUS
100
AcDbLine
 10
60.5073000000000008
 20
-64.8569999999999993
 30
0
 11
60.5073000000000008
 21
-73.0030000000000001
 31
0
  0
LINE
  5
403
330
1B
100
AcDbEntity
  8
F.Silkscreen
  6
CONTINUOUS
100
AcDbLine
 10
60.5472999999999999
 20
-64.8599999999999994
 30
0
 11
60.5472999999999999
 21
-73.
 31
0
  0
LINE
  5
404
330
1B
100
AcDbEntity
  8
F.Silkscreen
  6
CONTINUOUS
100
AcDbLine
 10
60.587299999999999
 20
-64.8619999999999948
 30
0
 11
60.587299999999999
 21
-72.9979999999999905
 31
0
  0
LINE
  5
405
330
1B
100
AcDbEntity
  8
F.Silkscreen
  6
CONTINUOUS
100
AcDbLine
 10
60.6272999999999982
 20
-64.8659999999999997
 30
0
 11
60.6272999999999982
 21
-72.9939999999999998
 31
0
  0
LINE
  5
406
330
1B
100
AcDbEntity
  8
F.Silkscreen
  6
CONTINUOUS
100
AcDbLine
 10
60.6672999999999973
 20
-64.8689999999999998
 30
0
 11
60.6672999999999973
 21
-72.9909999999999997
 31
0
  0
LINE
  5
407
330
1B
100
AcDbEntity
  8
F.Silkscreen
  6
CONTINUOUS
100
AcDbLine
 10
60.7072999999999965
 20
-64.8739999999999952
 30
0
 11
60.7072999999999965
 21
-72.98599999999999
 31
0
  0
LINE
  5
408
330
1B
100
AcDbEntity
  8
F.Silkscreen
  6
CONTINUOUS
100
AcDbLine
 10
60.7472999999999956
 20
-64.8780000000000001
 30
0
 11
60.7472999999999956
 21
-72.9819999999999993
 31
0
  0
LINE
  5
409
330
1B
100
AcDbEntity
  8
F.Silkscreen
  6
CONTINUOUS
100
AcDbLine
 10
60.7872999999999948
 20
-64.8829999999999956
 30
0
 11
60.7872999999999948
 21
-72.9769999999999897
 31
0
  0
LINE
  5
40A
330
1B
100
AcDbEntity
  8
F.Silkscreen
  6
CONTINUOUS
100
AcDbLine
 10
60.8272999999999939
 20
-64.887999999999991
 30
0
 11
60.8272999999999939
 21
-72.9719999999999942
 31
0
  0
LINE
  5
40B
330
1B
100
AcDbEntity
  8
F.Silkscreen
  6
CONTINUOUS
100
AcDbLine
 10
60.8673000000000002
 20
-64.8939999999999912
 30
0
 11
60.8673000000000002
 21
-72.965999999999994
 31
0
  0
LINE
  5
40C
330
1B
100
AcDbEntity
  8
F.Silkscreen
  6
CONTINUOUS
100
AcDbLine
 10
60.9072999999999993
 20
-64.8999999999999915
 30
0
 11
60.9072999999999993
 21
-72.9599999999999937
 31
0
  0
LINE
  5
40D
330
1B
100
AcDbEntity
  8
F.Silkscreen
  6
CONTINUOUS
100
AcDbLine
 10
60.9472999999999985
 20
-64.9069999999999965
 30
0
 11
60.9472999999999985
 21
-72.953000000000003
 31
0
  0
LINE
  5
40E
330
1B
100
AcDbEntity
  8
F.Silkscreen
  6
CONTINUOUS
100
AcDbLine
 10
60.9872999999999976
 20
-64.9129999999999967
 30
0
 11
60.9872999999999976
 21
-67.8900000000000006
 31
0
  0
LINE
  5
40F
330
1B
100
AcDbEntity
  8
F.Silkscreen
  6
CONTINUOUS
100
AcDbLine
 10
60.9872999999999976
 20
-69.9699999999999989
 30
0
 11
60.9872999999999976
 21
-72.9470000000000027
 31
0
  0
LINE
  5
410
330
1B
100
AcDbEntity
  8
F.Silkscreen
  6
CONTINUOUS
100
AcDbLine
 10
61.0272999999999968
 20
-64.9209999999999923
 30
0
 11
61.0272999999999968
 21
-67.8900000000000006
 31
0
  0
LINE
  5
411
330
1B
100
AcDbEntity
  8
F.Silkscreen
  6
CONTINUOUS
100
AcDbLine
 10
61.0272999999999968
 20
-69.9699999999999989
 30
0
 11
61.0272999999999968
 21
-72.938999999999993
 31
0
  0
LINE
  5
412
330
1B
100
AcDbEntity
  8
F.Silkscreen
  6
CONTINUOUS
100
AcDbLine
 10
61.0672999999999959
 20
-64.9279999999999973
 30
0
 11
61.0672999999999959
 21
-67.8900000000000006
 31
0
  0
LINE
  5
413
330
1B
100
AcDbEntity
  8
F.Silkscreen
  6
CONTINUOUS
100
AcDbLine
 10
61.0672999999999959
 20
-69.9699999999999989
 30
0
 11
61.0672999999999959
 21
-72.9320000000000022
 31
0
  0
LINE
  5
414
330
1B
100
AcDbEntity
  8
F.Silkscreen
  6
CONTINUOUS
100
AcDbLine
 10
61.1072999999999951
 20
-64.9369999999999976
 30
0
 11
61.1072999999999951
 21
-67.8900000000000006
 31
0
  0
LINE
  5
415
330
1B
100
AcDbEntity
  8
F.Silkscreen
  6
CONTINUOUS
100
AcDbLine
 10
61.1072999999999951
 20
-69.9699999999999989
 30
0
 11
61.1072999999999951
 21
-72.9230000000000018
 31
0
  0
LINE
  5
416
330
1B
100
AcDbEntity
  8
F.Silkscreen
  6
CONTINUOUS
100
AcDbLine
 10
61.1472999999999942
 20
-64.9449999999999932
 30
0
 11
61.1472999999999942
 21
-67.8900000000000006
 31
0
  0
LINE
  5
417
330
1B
100
AcDbEntity
  8
F.Silkscreen
  6
CONTINUOUS
100
AcDbLine
 10
61.1472999999999942
 20
-69.9699999999999989
 30
0
 11
61.1472999999999942
 21
-72.914999999999992
 31
0
  0
LINE
  5
418
330
1B
100
AcDbEntity
  8
F.Silkscreen
  6
CONTINUOUS
100
AcDbLine
 10
61.1873000000000005
 20
-64.9539999999999935
 30
0
 11
61.1873000000000005
 21
-67.8900000000000006
 31
0
  0
LINE
  5
419
330
1B
100
AcDbEntity
  8
F.Silkscreen
  6
CONTINUOUS
100
AcDbLine
 10
61.1873000000000005
 20
-69.9699999999999989
 30
0
 11
61.1873000000000005
 21
-72.9059999999999917
 31
0
  0
LINE
  5
41A
330
1B
100
AcDbEntity
  8
F.Silkscreen
  6
CONTINUOUS
100
AcDbLine
 10
61.2272999999999996
 20
-64.9629999999999939
 30
0
 11
61.2272999999999996
 21
-67.8900000000000006
 31
0
  0
LINE
  5
41B
330
1B
100
AcDbEntity
  8
F.Silkscreen
  6
CONTINUOUS
100
AcDbLine
 10
61.2272999999999996
 20
-69.9699999999999989
 30
0
 11
61.2272999999999996
 21
-72.8969999999999914
 31
0
  0
LINE
  5
41C
330
1B
100
AcDbEntity
  8
F.Silkscreen
  6
CONTINUOUS
100
AcDbLine
 10
61.2672999999999988
 20
-64.972999999999999
 30
0
 11
61.2672999999999988
 21
-67.8900000000000006
 31
0
  0
LINE
  5
41D
330
1B
100
AcDbEntity
  8
F.Silkscreen
  6
CONTINUOUS
100
AcDbLine
 10
61.2672999999999988
 20
-69.9699999999999989
 30
0
 11
61.2672999999999988
 21
-72.8870000000000005
 31
0
  0
LINE
  5
41E
330
1B
100
AcDbEntity
  8
F.Silkscreen
  6
CONTINUOUS
100
AcDbLine
 10
61.3072999999999979
 20
-64.9830000000000041
 30
0
 11
61.3072999999999979
 21
-67.8900000000000006
 31
0
  0
LINE
  5
41F
330
1B
100
AcDbEntity
  8
F.Silkscreen
  6
CONTINUOUS
100
AcDbLine
 10
61.3072999999999979
 20
-69.9699999999999989
 30
0
 11
61.3072999999999979
 21
-72.8769999999999953
 31
0
  0
LINE
  5
420
330
1B
100
AcDbEntity
  8
F.Silkscreen
  6
CONTINUOUS
100
AcDbLine
 10
61.3472999999999971
 20
-64.9939999999999998
 30
0
 11
61.3472999999999971
 21
-67.8900000000000006
 31
0
  0
LINE
  5
421
330
1B
100
AcDbEntity
  8
F.Silkscreen
  6
CONTINUOUS
100
AcDbLine
 10
61.3472999999999971
 20
-69.9699999999999989
 30
0
 11
61.3472999999999971
 21
-72.8659999999999997
 31
0
  0
LINE
  5
422
330
1B
100
AcDbEntity
  8
F.Silkscreen
  6
CONTINUOUS
100
AcDbLine
 10
61.3872999999999962
 20
-65.0049999999999955
 30
0
 11
61.3872999999999962
 21
-67.8900000000000006
 31
0
  0
LINE
  5
423
330
1B
100
AcDbEntity
  8
F.Silkscreen
  6
CONTINUOUS
100
AcDbLine
 10
61.3872999999999962
 20
-69.9699999999999989
 30
0
 11
61.3872999999999962
 21
-72.8549999999999898
 31
0
  0
LINE
  5
424
330
1B
100
AcDbEntity
  8
F.Silkscreen
  6
CONTINUOUS
100
AcDbLine
 10
61.4272999999999954
 20
-65.0169999999999959
 30
0
 11
61.4272999999999954
 21
-67.8900000000000006
 31
0
  0
LINE
  5
425
330
1B
100
AcDbEntity
  8
F.Silkscreen
  6
CONTINUOUS
100
AcDbLine
 10
61.4272999999999954
 20
-69.9699999999999989
 30
0
 11
61.4272999999999954
 21
-72.8430000000000035
 31
0
  0
LINE
  5
426
330
1B
100
AcDbEntity
  8
F.Silkscreen
  6
CONTINUOUS
100
AcDbLine
 10
61.4672999999999945
 20
-65.0289999999999964
 30
0
 11
61.4672999999999945
 21
-67.8900000000000006
 31
0
  0
LINE
  5
427
330
1B
100
AcDbEntity
  8
F.Silkscreen
  6
CONTINUOUS
100
AcDbLine
 10
61.4672999999999945
 20
-69.9699999999999989
 30
0
 11
61.4672999999999945
 21
-72.8310000000000031
 31
0
  0
LINE
  5
428
330
1B
100
AcDbEntity
  8
F.Silkscreen
  6
CONTINUOUS
100
AcDbLine
 10
61.5073000000000008
 20
-65.0409999999999968
 30
0
 11
61.5073000000000008
 21
-67.8900000000000006
 31
0
  0
LINE
  5
429
330
1B
100
AcDbEntity
  8
F.Silkscreen
  6
CONTINUOUS
100
AcDbLine
 10
61.5073000000000008
 20
-69.9699999999999989
 30
0
 11
61.5073000000000008
 21
-72.8190000000000026
 31
0
  0
LINE
  5
42A
330
1B
100
AcDbEntity
  8
F.Silkscreen
  6
CONTINUOUS
100
AcDbLine
 10
61.5472999999999999
 20
-65.054000000000002
 30
0
 11
61.5472999999999999
 21
-67.8900000000000006
 31
0
  0
LINE
  5
42B
330
1B
100
AcDbEntity
  8
F.Silkscreen
  6
CONTINUOUS
100
AcDbLine
 10
61.5472999999999999
 20
-69.9699999999999989
 30
0
 11
61.5472999999999999
 21
-72.8059999999999974
 31
0
  0
LINE
  5
42C
330
1B
100
AcDbEntity
  8
F.Silkscreen
  6
CONTINUOUS
100
AcDbLine
 10
61.587299999999999
 20
-65.0669999999999931
 30
0
 11
61.587299999999999
 21
-67.8900000000000006
 31
0
  0
LINE
  5
42D
330
1B
100
AcDbEntity
  8
F.Silkscreen
  6
CONTINUOUS
100
AcDbLine
 10
61.587299999999999
 20
-69.9699999999999989
 30
0
 11
61.587299999999999
 21
-72.7929999999999922
 31
0
  0
LINE
  5
42E
330
1B
100
AcDbEntity
  8
F.Silkscreen
  6
CONTINUOUS
100
AcDbLine
 10
61.6272999999999982
 20
-65.0810000000000031
 30
0
 11
61.6272999999999982
 21
-67.8900000000000006
 31
0
  0
LINE
  5
42F
330
1B
100
AcDbEntity
  8
F.Silkscreen
  6
CONTINUOUS
100
AcDbLine
 10
61.6272999999999982
 20
-69.9699999999999989
 30
0
 11
61.6272999999999982
 21
-72.7789999999999964
 31
0
  0
LINE
  5
430
330
1B
100
AcDbEntity
  8
F.Silkscreen
  6
CONTINUOUS
100
AcDbLine
 10
61.6672999999999973
 20
-65.0949999999999989
 30
0
 11
61.6672999999999973
 21
-67.8900000000000006
 31
0
  0
LINE
  5
431
330
1B
100
AcDbEntity
  8
F.Silkscreen
  6
CONTINUOUS
100
AcDbLine
 10
61.6672999999999973
 20
-69.9699999999999989
 30
0
 11
61.6672999999999973
 21
-72.7650000000000006
 31
0
  0
LINE
  5
432
330
1B
100
AcDbEntity
  8
F.Silkscreen
  6
CONTINUOUS
100
AcDbLine
 10
61.7072999999999965
 20
-65.1099999999999994
 30
0
 11
61.7072999999999965
 21
-67.8900000000000006
 31
0
  0
LINE
  5
433
330
1B
100
AcDbEntity
  8
F.Silkscreen
  6
CONTINUOUS
100
AcDbLine
 10
61.7072999999999965
 20
-69.9699999999999989
 30
0
 11
61.7072999999999965
 21
-72.75
 31
0
  0
LINE
  5
434
330
1B
100
AcDbEntity
  8
F.Silkscreen
  6
CONTINUOUS
100
AcDbLine
 10
61.7472999999999956
 20
-65.125
 30
0
 11
61.7472999999999956
 21
-67.8900000000000006
 31
0
  0
LINE
  5
435
330
1B
100
AcDbEntity
  8
F.Silkscreen
  6
CONTINUOUS
100
AcDbLine
 10
61.7472999999999956
 20
-69.9699999999999989
 30
0
 11
61.7472999999999956
 21
-72.7349999999999994
 31
0
  0
LINE
  5
436
330
1B
100
AcDbEntity
  8
F.Silkscreen
  6
CONTINUOUS
100
AcDbLine
 10
61.7872999999999948
 20
-65.1409999999999911
 30
0
 11
61.7872999999999948
 21
-67.8900000000000006
 31
0
  0
LINE
  5
437
330
1B
100
AcDbEntity
  8
F.Silkscreen
  6
CONTINUOUS
100
AcDbLine
 10
61.7872999999999948
 20
-69.9699999999999989
 30
0
 11
61.7872999999999948
 21
-72.7189999999999941
 31
0
  0
LINE
  5
438
330
1B
100
AcDbEntity
  8
F.Silkscreen
  6
CONTINUOUS
100
AcDbLine
 10
61.8272999999999939
 20
-65.1569999999999965
 30
0
 11
61.8272999999999939
 21
-67.8900000000000006
 31
0
  0
LINE
  5
439
330
1B
100
AcDbEntity
  8
F.Silkscreen
  6
CONTINUOUS
100
AcDbLine
 10
61.8272999999999939
 20
-69.9699999999999989
 30
0
 11
61.8272999999999939
 21
-72.703000000000003
 31
0
  0
LINE
  5
43A
330
1B
100
AcDbEntity
  8
F.Silkscreen
  6
CONTINUOUS
100
AcDbLine
 10
61.8673000000000002
 20
-65.1730000000000018
 30
0
 11
61.8673000000000002
 21
-67.8900000000000006
 31
0
  0
LINE
  5
43B
330
1B
100
AcDbEntity
  8
F.Silkscreen
  6
CONTINUOUS
100
AcDbLine
 10
61.8673000000000002
 20
-69.9699999999999989
 30
0
 11
61.8673000000000002
 21
-72.6869999999999976
 31
0
  0
LINE
  5
43C
330
1B
100
AcDbEntity
  8
F.Silkscreen
  6
CONTINUOUS
100
AcDbLine
 10
61.9072999999999993
 20
-65.1899999999999977
 30
0
 11
61.9072999999999993
 21
-67.8900000000000006
 31
0
  0
LINE
  5
43D
330
1B
100
AcDbEntity
  8
F.Silkscreen
  6
CONTINUOUS
100
AcDbLine
 10
61.9072999999999993
 20
-69.9699999999999989
 30
0
 11
61.9072999999999993
 21
-72.6700000000000017
 31
0
  0
LINE
  5
43E
330
1B
100
AcDbEntity
  8
F.Silkscreen
  6
CONTINUOUS
100
AcDbLine
 10
61.9472999999999985
 20
-65.2079999999999984
 30
0
 11
61.9472999999999985
 21
-67.8900000000000006
 31
0
  0
LINE
  5
43F
330
1B
100
AcDbEntity
  8
F.Silkscreen
  6
CONTINUOUS
100
AcDbLine
 10
61.9472999999999985
 20
-69.9699999999999989
 30
0
 11
61.9472999999999985
 21
-72.652000000000001
 31
0
  0
LINE
  5
440
330
1B
100
AcDbEntity
  8
F.Silkscreen
  6
CONTINUOUS
100
AcDbLine
 10
61.9872999999999976
 20
-65.2259999999999991
 30
0
 11
61.9872999999999976
 21
-67.8900000000000006
 31
0
  0
LINE
  5
441
330
1B
100
AcDbEntity
  8
F.Silkscreen
  6
CONTINUOUS
100
AcDbLine
 10
61.9872999999999976
 20
-69.9699999999999989
 30
0
 11
61.9872999999999976
 21
-72.6340000000000003
 31
0
  0
LINE
  5
442
330
1B
100
AcDbEntity
  8
F.Silkscreen
  6
CONTINUOUS
100
AcDbLine
 10
62.0272999999999968
 20
-65.2449999999999903
 30
0
 11
62.0272999999999968
 21
-67.8900000000000006
 31
0
  0
LINE
  5
443
330
1B
100
AcDbEntity
  8
F.Silkscreen
  6
CONTINUOUS
100
AcDbLine
 10
62.0272999999999968
 20
-69.9699999999999989
 30
0
 11
62.0272999999999968
 21
-72.6149999999999949
 31
0
  0
LINE
  5
444
330
1B
100
AcDbEntity
  8
F.Silkscreen
  6
CONTINUOUS
100
AcDbLine
 10
62.0672999999999959
 20
-65.2639999999999958
 30
0
 11
62.0672999999999959
 21
-67.8900000000000006
 31
0
  0
LINE
  5
445
330
1B
100
AcDbEntity
  8
F.Silkscreen
  6
CONTINUOUS
100
AcDbLine
 10
62.0672999999999959
 20
-69.9699999999999989
 30
0
 11
62.0672999999999959
 21
-72.5960000000000036
 31
0
  0
LINE
  5
446
330
1B
100
AcDbEntity
  8
F.Silkscreen
  6
CONTINUOUS
100
AcDbLine
 10
62.1072999999999951
 20
-65.2839999999999918
 30
0
 11
62.1072999999999951
 21
-67.8900000000000006
 31
0
  0
LINE
  5
447
330
1B
100
AcDbEntity
  8
F.Silkscreen
  6
CONTINUOUS
100
AcDbLine
 10
62.1072999999999951
 20
-69.9699999999999989
 30
0
 11
62.1072999999999951
 21
-72.5759999999999934
 31
0
  0
LINE
  5
448
330
1B
100
AcDbEntity
  8
F.Silkscreen
  6
CONTINUOUS
100
AcDbLine
 10
62.1472999999999942
 20
-65.304000000000002
 30
0
 11
62.1472999999999942
 21
-67.8900000000000006
 31
0
  0
LINE
  5
449
330
1B
100
AcDbEntity
  8
F.Silkscreen
  6
CONTINUOUS
100
AcDbLine
 10
62.1472999999999942
 20
-69.9699999999999989
 30
0
 11
62.1472999999999942
 21
-72.5559999999999974
 31
0
  0
LINE
  5
44A
330
1B
100
AcDbEntity
  8
F.Silkscreen
  6
CONTINUOUS
100
AcDbLine
 10
62.1873000000000005
 20
-65.3250000000000028
 30
0
 11
62.1873000000000005
 21
-67.8900000000000006
 31
0
  0
LINE
  5
44B
330
1B
100
AcDbEntity
  8
F.Silkscreen
  6
CONTINUOUS
100
AcDbLine
 10
62.1873000000000005
 20
-69.9699999999999989
 30
0
 11
62.1873000000000005
 21
-72.5349999999999966
 31
0
  0
LINE
  5
44C
330
1B
100
AcDbEntity
  8
F.Silkscreen
  6
CONTINUOUS
100
AcDbLine
 10
62.2272999999999996
 20
-65.3460000000000036
 30
0
 11
62.2272999999999996
 21
-67.8900000000000006
 31
0
  0
LINE
  5
44D
330
1B
100
AcDbEntity
  8
F.Silkscreen
  6
CONTINUOUS
100
AcDbLine
 10
62.2272999999999996
 20
-69.9699999999999989
 30
0
 11
62.2272999999999996
 21
-72.5139999999999958
 31
0
  0
LINE
  5
44E
330
1B
100
AcDbEntity
  8
F.Silkscreen
  6
CONTINUOUS
100
AcDbLine
 10
62.2672999999999988
 20
-65.367999999999995
 30
0
 11
62.2672999999999988
 21
-67.8900000000000006
 31
0
  0
LINE
  5
44F
330
1B
100
AcDbEntity
  8
F.Silkscreen
  6
CONTINUOUS
100
AcDbLine
 10
62.2672999999999988
 20
-69.9699999999999989
 30
0
 11
62.2672999999999988
 21
-72.4919999999999902
 31
0
  0
LINE
  5
450
330
1B
100
AcDbEntity
  8
F.Silkscreen
  6
CONTINUOUS
100
AcDbLine
 10
62.3072999999999979
 20
-65.3909999999999911
 30
0
 11
62.3072999999999979
 21
-67.8900000000000006
 31
0
  0
LINE
  5
451
330
1B
100
AcDbEntity
  8
F.Silkscreen
  6
CONTINUOUS
100
AcDbLine
 10
62.3072999999999979
 20
-69.9699999999999989
 30
0
 11
62.3072999999999979
 21
-72.4689999999999941
 31
0
  0
LINE
  5
452
330
1B
100
AcDbEntity
  8
F.Silkscreen
  6
CONTINUOUS
100
AcDbLine
 10
62.3472999999999971
 20
-65.4140000000000015
 30
0
 11
62.3472999999999971
 21
-67.8900000000000006
 31
0
  0
LINE
  5
453
330
1B
100
AcDbEntity
  8
F.Silkscreen
  6
CONTINUOUS
100
AcDbLine
 10
62.3472999999999971
 20
-69.9699999999999989
 30
0
 11
62.3472999999999971
 21
-72.445999999999998
 31
0
  0
LINE
  5
454
330
1B
100
AcDbEntity
  8
F.Silkscreen
  6
CONTINUOUS
100
AcDbLine
 10
62.3872999999999962
 20
-65.4369999999999976
 30
0
 11
62.3872999999999962
 21
-67.8900000000000006
 31
0
  0
LINE
  5
455
330
1B
100
AcDbEntity
  8
F.Silkscreen
  6
CONTINUOUS
100
AcDbLine
 10
62.3872999999999962
 20
-69.9699999999999989
 30
0
 11
62.3872999999999962
 21
-72.4230000000000018
 31
0
  0
LINE
  5
456
330
1B
100
AcDbEntity
  8
F.Silkscreen
  6
CONTINUOUS
100
AcDbLine
 10
62.4272999999999954
 20
-65.4620000000000033
 30
0
 11
62.4272999999999954
 21
-67.8900000000000006
 31
0
  0
LINE
  5
457
330
1B
100
AcDbEntity
  8
F.Silkscreen
  6
CONTINUOUS
100
AcDbLine
 10
62.4272999999999954
 20
-69.9699999999999989
 30
0
 11
62.4272999999999954
 21
-72.3979999999999961
 31
0
  0
LINE
  5
458
330
1B
100
AcDbEntity
  8
F.Silkscreen
  6
CONTINUOUS
100
AcDbLine
 10
62.4672999999999945
 20
-65.4869999999999948
 30
0
 11
62.4672999999999945
 21
-67.8900000000000006
 31
0
  0
LINE
  5
459
330
1B
100
AcDbEntity
  8
F.Silkscreen
  6
CONTINUOUS
100
AcDbLine
 10
62.4672999999999945
 20
-69.9699999999999989
 30
0
 11
62.4672999999999945
 21
-72.3729999999999905
 31
0
  0
LINE
  5
45A
330
1B
100
AcDbEntity
  8
F.Silkscreen
  6
CONTINUOUS
100
AcDbLine
 10
62.5072999999999936
 20
-65.5120000000000005
 30
0
 11
62.5072999999999936
 21
-67.8900000000000006
 31
0
  0
LINE
  5
45B
330
1B
100
AcDbEntity
  8
F.Silkscreen
  6
CONTINUOUS
100
AcDbLine
 10
62.5072999999999936
 20
-69.9699999999999989
 30
0
 11
62.5072999999999936
 21
-72.347999999999999
 31
0
  0
LINE
  5
45C
330
1B
100
AcDbEntity
  8
F.Silkscreen
  6
CONTINUOUS
100
AcDbLine
 10
62.5472999999999999
 20
-65.5379999999999967
 30
0
 11
62.5472999999999999
 21
-67.8900000000000006
 31
0
  0
LINE
  5
45D
330
1B
100
AcDbEntity
  8
F.Silkscreen
  6
CONTINUOUS
100
AcDbLine
 10
62.5472999999999999
 20
-69.9699999999999989
 30
0
 11
62.5472999999999999
 21
-72.3220000000000027
 31
0
  0
LINE
  5
45E
330
1B
100
AcDbEntity
  8
F.Silkscreen
  6
CONTINUOUS
100
AcDbLine
 10
62.587299999999999
 20
-65.5649999999999977
 30
0
 11
62.587299999999999
 21
-67.8900000000000006
 31
0
  0
LINE
  5
45F
330
1B
100
AcDbEntity
  8
F.Silkscreen
  6
CONTINUOUS
100
AcDbLine
 10
62.587299999999999
 20
-69.9699999999999989
 30
0
 11
62.587299999999999
 21
-72.2950000000000017
 31
0
  0
LINE
  5
460
330
1B
100
AcDbEntity
  8
F.Silkscreen
  6
CONTINUOUS
100
AcDbLine
 10
62.6272999999999982
 20
-65.5930000000000035
 30
0
 11
62.6272999999999982
 21
-67.8900000000000006
 31
0
  0
LINE
  5
461
330
1B
100
AcDbEntity
  8
F.Silkscreen
  6
CONTINUOUS
100
AcDbLine
 10
62.6272999999999982
 20
-69.9699999999999989
 30
0
 11
62.6272999999999982
 21
-72.2669999999999959
 31
0
  0
LINE
  5
462
330
1B
100
AcDbEntity
  8
F.Silkscreen
  6
CONTINUOUS
100
AcDbLine
 10
62.6672999999999973
 20
-65.6209999999999951
 30
0
 11
62.6672999999999973
 21
-67.8900000000000006
 31
0
  0
LINE
  5
463
330
1B
100
AcDbEntity
  8
F.Silkscreen
  6
CONTINUOUS
100
AcDbLine
 10
62.6672999999999973
 20
-69.9699999999999989
 30
0
 11
62.6672999999999973
 21
-72.2389999999999901
 31
0
  0
LINE
  5
464
330
1B
100
AcDbEntity
  8
F.Silkscreen
  6
CONTINUOUS
100
AcDbLine
 10
62.7072999999999965
 20
-65.6499999999999915
 30
0
 11
62.7072999999999965
 21
-67.8900000000000006
 31
0
  0
LINE
  5
465
330
1B
100
AcDbEntity
  8
F.Silkscreen
  6
CONTINUOUS
100
AcDbLine
 10
62.7072999999999965
 20
-69.9699999999999989
 30
0
 11
62.7072999999999965
 21
-72.2099999999999937
 31
0
  0
LINE
  5
466
330
1B
100
AcDbEntity
  8
F.Silkscreen
  6
CONTINUOUS
100
AcDbLine
 10
62.7472999999999956
 20
-65.6799999999999926
 30
0
 11
62.7472999999999956
 21
-67.8900000000000006
 31
0
  0
LINE
  5
467
330
1B
100
AcDbEntity
  8
F.Silkscreen
  6
CONTINUOUS
100
AcDbLine
 10
62.7472999999999956
 20
-69.9699999999999989
 30
0
 11
62.7472999999999956
 21
-72.1799999999999926
 31
0
  0
LINE
  5
468
330
1B
100
AcDbEntity
  8
F.Silkscreen
  6
CONTINUOUS
100
AcDbLine
 10
62.7872999999999948
 20
-65.7109999999999985
 30
0
 11
62.7872999999999948
 21
-67.8900000000000006
 31
0
  0
LINE
  5
469
330
1B
100
AcDbEntity
  8
F.Silkscreen
  6
CONTINUOUS
100
AcDbLine
 10
62.7872999999999948
 20
-69.9699999999999989
 30
0
 11
62.7872999999999948
 21
-72.1490000000000009
 31
0
  0
LINE
  5
46A
330
1B
100
AcDbEntity
  8
F.Silkscreen
  6
CONTINUOUS
100
AcDbLine
 10
62.8272999999999939
 20
-65.7419999999999902
 30
0
 11
62.8272999999999939
 21
-67.8900000000000006
 31
0
  0
LINE
  5
46B
330
1B
100
AcDbEntity
  8
F.Silkscreen
  6
CONTINUOUS
100
AcDbLine
 10
62.8272999999999939
 20
-69.9699999999999989
 30
0
 11
62.8272999999999939
 21
-72.117999999999995
 31
0
  0
LINE
  5
46C
330
1B
100
AcDbEntity
  8
F.Silkscreen
  6
CONTINUOUS
100
AcDbLine
 10
62.8673000000000002
 20
-65.7740000000000009
 30
0
 11
62.8673000000000002
 21
-67.8900000000000006
 31
0
  0
LINE
  5
46D
330
1B
100
AcDbEntity
  8
F.Silkscreen
  6
CONTINUOUS
100
AcDbLine
 10
62.8673000000000002
 20
-69.9699999999999989
 30
0
 11
62.8673000000000002
 21
-72.0859999999999985
 31
0
  0
LINE
  5
46E
330
1B
100
AcDbEntity
  8
F.Silkscreen
  6
CONTINUOUS
100
AcDbLine
 10
62.9072999999999993
 20
-65.8070000000000022
 30
0
 11
62.9072999999999993
 21
-67.8900000000000006
 31
0
  0
LINE
  5
46F
330
1B
100
AcDbEntity
  8
F.Silkscreen
  6
CONTINUOUS
100
AcDbLine
 10
62.9072999999999993
 20
-69.9699999999999989
 30
0
 11
62.9072999999999993
 21
-72.0529999999999973
 31
0
  0
LINE
  5
470
330
1B
100
AcDbEntity
  8
F.Silkscreen
  6
CONTINUOUS
100
AcDbLine
 10
62.9472999999999985
 20
-65.840999999999994
 30
0
 11
62.9472999999999985
 21
-67.8900000000000006
 31
0
  0
LINE
  5
471
330
1B
100
AcDbEntity
  8
F.Silkscreen
  6
CONTINUOUS
100
AcDbLine
 10
62.9472999999999985
 20
-69.9699999999999989
 30
0
 11
62.9472999999999985
 21
-72.0189999999999912
 31
0
  0
LINE
  5
472
330
1B
100
AcDbEntity
  8
F.Silkscreen
  6
CONTINUOUS
100
AcDbLine
 10
62.9872999999999976
 20
-65.875
 30
0
 11
62.9872999999999976
 21
-67.8900000000000006
 31
0
  0
LINE
  5
473
330
1B
100
AcDbEntity
  8
F.Silkscreen
  6
CONTINUOUS
100
AcDbLine
 10
62.9872999999999976
 20
-69.9699999999999989
 30
0
 11
62.9872999999999976
 21
-71.9849999999999994
 31
0
  0
LINE
  5
474
330
1B
100
AcDbEntity
  8
F.Silkscreen
  6
CONTINUOUS
100
AcDbLine
 10
63.0272999999999968
 20
-65.9110000000000014
 30
0
 11
63.0272999999999968
 21
-67.8900000000000006
 31
0
  0
LINE
  5
475
330
1B
100
AcDbEntity
  8
F.Silkscreen
  6
CONTINUOUS
100
AcDbLine
 10
63.0272999999999968
 20
-69.9699999999999989
 30
0
 11
63.0272999999999968
 21
-71.9489999999999981
 31
0
  0
LINE
  5
476
330
1B
100
AcDbEntity
  8
F.Silkscreen
  6
CONTINUOUS
100
AcDbLine
 10
63.0672999999999959
 20
-65.9479999999999933
 30
0
 11
63.0672999999999959
 21
-71.9119999999999919
 31
0
  0
LINE
  5
477
330
1B
100
AcDbEntity
  8
F.Silkscreen
  6
CONTINUOUS
100
AcDbLine
 10
63.1072999999999951
 20
-65.9849999999999994
 30
0
 11
63.1072999999999951
 21
-71.875
 31
0
  0
LINE
  5
478
330
1B
100
AcDbEntity
  8
F.Silkscreen
  6
CONTINUOUS
100
AcDbLine
 10
63.1472999999999942
 20
-66.0240000000000009
 30
0
 11
63.1472999999999942
 21
-71.8359999999999985
 31
0
  0
LINE
  5
479
330
1B
100
AcDbEntity
  8
F.Silkscreen
  6
CONTINUOUS
100
AcDbLine
 10
63.1873000000000005
 20
-66.0630000000000024
 30
0
 11
63.1873000000000005
 21
-71.796999999999997
 31
0
  0
LINE
  5
47A
330
1B
100
AcDbEntity
  8
F.Silkscreen
  6
CONTINUOUS
100
AcDbLine
 10
63.2272999999999996
 20
-66.1039999999999992
 30
0
 11
63.2272999999999996
 21
-71.7560000000000002
 31
0
  0
LINE
  5
47B
330
1B
100
AcDbEntity
  8
F.Silkscreen
  6
CONTINUOUS
100
AcDbLine
 10
63.2672999999999988
 20
-66.1460000000000008
 30
0
 11
63.2672999999999988
 21
-71.7139999999999986
 31
0
  0
LINE
  5
47C
330
1B
100
AcDbEntity
  8
F.Silkscreen
  6
CONTINUOUS
100
AcDbLine
 10
63.3072999999999979
 20
-66.188999999999993
 30
0
 11
63.3072999999999979
 21
-71.6709999999999923
 31
0
  0
LINE
  5
47D
330
1B
100
AcDbEntity
  8
F.Silkscreen
  6
CONTINUOUS
100
AcDbLine
 10
63.3472999999999971
 20
-66.2339999999999947
 30
0
 11
63.3472999999999971
 21
-71.6259999999999906
 31
0
  0
LINE
  5
47E
330
1B
100
AcDbEntity
  8
F.Silkscreen
  6
CONTINUOUS
100
AcDbLine
 10
63.3872999999999962
 20
-66.2789999999999964
 30
0
 11
63.3872999999999962
 21
-71.5810000000000031
 31
0
  0
LINE
  5
47F
330
1B
100
AcDbEntity
  8
F.Silkscreen
  6
CONTINUOUS
100
AcDbLine
 10
63.4272999999999954
 20
-66.3259999999999934
 30
0
 11
63.4272999999999954
 21
-71.5339999999999918
 31
0
  0
LINE
  5
480
330
1B
100
AcDbEntity
  8
F.Silkscreen
  6
CONTINUOUS
100
AcDbLine
 10
63.4672999999999945
 20
-66.375
 30
0
 11
63.4672999999999945
 21
-71.4849999999999994
 31
0
  0
LINE
  5
481
330
1B
100
AcDbEntity
  8
F.Silkscreen
  6
CONTINUOUS
100
AcDbLine
 10
63.5072999999999936
 20
-66.4249999999999972
 30
0
 11
63.5072999999999936
 21
-71.4350000000000023
 31
0
  0
LINE
  5
482
330
1B
100
AcDbEntity
  8
F.Silkscreen
  6
CONTINUOUS
100
AcDbLine
 10
63.5472999999999999
 20
-66.4770000000000039
 30
0
 11
63.5472999999999999
 21
-71.3829999999999956
 31
0
  0
LINE
  5
483
330
1B
100
AcDbEntity
  8
F.Silkscreen
  6
CONTINUOUS
100
AcDbLine
 10
63.587299999999999
 20
-66.5300000000000011
 30
0
 11
63.587299999999999
 21
-71.3299999999999983
 31
0
  0
LINE
  5
484
330
1B
100
AcDbEntity
  8
F.Silkscreen
  6
CONTINUOUS
100
AcDbLine
 10
63.6272999999999982
 20
-66.5859999999999985
 30
0
 11
63.6272999999999982
 21
-71.2740000000000009
 31
0
  0
LINE
  5
485
330
1B
100
AcDbEntity
  8
F.Silkscreen
  6
CONTINUOUS
100
AcDbLine
 10
63.6672999999999973
 20
-66.6430000000000007
 30
0
 11
63.6672999999999973
 21
-71.2169999999999987
 31
0
  0
LINE
  5
486
330
1B
100
AcDbEntity
  8
F.Silkscreen
  6
CONTINUOUS
100
AcDbLine
 10
63.7072999999999965
 20
-66.703000000000003
 30
0
 11
63.7072999999999965
 21
-71.1569999999999965
 31
0
  0
LINE
  5
487
330
1B
100
AcDbEntity
  8
F.Silkscreen
  6
CONTINUOUS
100
AcDbLine
 10
63.7472999999999956
 20
-66.7650000000000006
 30
0
 11
63.7472999999999956
 21
-71.0949999999999989
 31
0
  0
LINE
  5
488
330
1B
100
AcDbEntity
  8
F.Silkscreen
  6
CONTINUOUS
100
AcDbLine
 10
63.7872999999999948
 20
-66.8289999999999935
 30
0
 11
63.7872999999999948
 21
-71.0309999999999917
 31
0
  0
LINE
  5
489
330
1B
100
AcDbEntity
  8
F.Silkscreen
  6
CONTINUOUS
100
AcDbLine
 10
63.8272999999999939
 20
-66.8960000000000008
 30
0
 11
63.8272999999999939
 21
-70.9639999999999986
 31
0
  0
LINE
  5
48A
330
1B
100
AcDbEntity
  8
F.Silkscreen
  6
CONTINUOUS
100
AcDbLine
 10
63.8673000000000002
 20
-66.965999999999994
 30
0
 11
63.8673000000000002
 21
-70.8939999999999912
 31
0
  0
LINE
  5
48B
330
1B
100
AcDbEntity
  8
F.Silkscreen
  6
CONTINUOUS
100
AcDbLine
 10
63.9072999999999993
 20
-67.039999999999992
 30
0
 11
63.9072999999999993
 21
-70.8199999999999932
 31
0
  0
LINE
  5
48C
330
1B
100
AcDbEntity
  8
F.Silkscreen
  6
CONTINUOUS
100
AcDbLine
 10
63.9472999999999985
 20
-67.1169999999999902
 30
0
 11
63.9472999999999985
 21
-70.742999999999995
 31
0
  0
LINE
  5
48D
330
1B
100
AcDbEntity
  8
F.Silkscreen
  6
CONTINUOUS
100
AcDbLine
 10
63.9872999999999976
 20
-67.1989999999999981
 30
0
 11
63.9872999999999976
 21
-70.6610000000000014
 31
0
  0
LINE
  5
48E
330
1B
100
AcDbEntity
  8
F.Silkscreen
  6
CONTINUOUS
100
AcDbLine
 10
64.0272999999999968
 20
-67.2860000000000014
 30
0
 11
64.0272999999999968
 21
-70.5739999999999981
 31
0
  0
LINE
  5
48F
330
1B
100
AcDbEntity
  8
F.Silkscreen
  6
CONTINUOUS
100
AcDbLine
 10
64.067300000000003
 20
-67.3780000000000001
 30
0
 11
64.067300000000003
 21
-70.4819999999999993
 31
0
  0
LINE
  5
490
330
1B
100
AcDbEntity
  8
F.Silkscreen
  6
CONTINUOUS
100
AcDbLine
 10
64.1072999999999951
 20
-67.4770000000000039
 30
0
 11
64.1072999999999951
 21
-70.3829999999999956
 31
0
  0
LINE
  5
491
330
1B
100
AcDbEntity
  8
F.Silkscreen
  6
CONTINUOUS
100
AcDbLine
 10
64.1473000000000013
 20
-67.5840000000000032
 30
0
 11
64.1473000000000013
 21
-70.2759999999999962
 31
0
  0
LINE
  5
492
330
1B
100
AcDbEntity
  8
F.Silkscreen
  6
CONTINUOUS
100
AcDbLine
 10
64.1872999999999934
 20
-67.7019999999999982
 30
0
 11
64.1872999999999934
 21
-70.1580000000000013
 31
0
  0
LINE
  5
493
330
1B
100
AcDbEntity
  8
F.Silkscreen
  6
CONTINUOUS
100
AcDbLine
 10
64.2272999999999996
 20
-67.8329999999999984
 30
0
 11
64.2272999999999996
 21
-70.027000000000001
 31
0
  0
LINE
  5
494
330
1B
100
AcDbEntity
  8
F.Silkscreen
  6
CONTINUOUS
100
AcDbLine
 10
64.2672999999999917
 20
-67.9829999999999899
 30
0
 11
64.2672999999999917
 21
-69.8769999999999953
 31
0
  0
LINE
  5
495
330
1B
100
AcDbEntity
  8
F.Silkscreen
  6
CONTINUOUS
100
AcDbLine
 10
64.3072999999999979
 20
-68.1619999999999919
 30
0
 11
64.3072999999999979
 21
-69.6979999999999933
 31
0
  0
LINE
  5
496
330
1B
100
AcDbEntity
  8
F.Silkscreen
  6
CONTINUOUS
100
AcDbLine
 10
64.3473000000000042
 20
-68.3969999999999914
 30
0
 11
64.3473000000000042
 21
-69.4629999999999939
 31
0
  0
CIRCLE
  5
497
330
1B
100
AcDbEntity
  8
F.Silkscreen
100
AcDbCircle
 10
60.2672999999999988
 20
-68.9299999999999926
 30
0
 40
4.1200000000000001
  0
LINE
  5
498
330
1B
100
AcDbEntity
  8
F.Silkscreen
  6
CONTINUOUS
100
AcDbLine
 10
89.2226539999999915
 20
-67.0549999999999926
 30
0
 11
90.2226539999999915
 21
-67.0549999999999926
 31
0
  0
LINE
  5
499
330
1B
100
AcDbEntity
  8
F.Silkscreen
  6
CONTINUOUS
100
AcDbLine
 10
89.7226539999999915
 20
-66.5549999999999926
 30
0
 11
89.7226539999999915
 21
-67.5549999999999926
 31
0
  0
LINE
  5
49A
330
1B
100
AcDbEntity
  8
F.Silkscreen
  6
CONTINUOUS
100
AcDbLine
 10
94.7022999999999939
 20
-64.8499999999999943
 30
0
 11
94.7022999999999939
 21
-75.0099999999999909
 31
0
  0
LINE
  5
49B
330
1B
100
AcDbEntity
  8
F.Silkscreen
  6
CONTINUOUS
100
AcDbLine
 10
94.7423000000000002
 20
-64.8499999999999943
 30
0
 11
94.7423000000000002
 21
-75.0099999999999909
 31
0
  0
LINE
  5
49C
330
1B
100
AcDbEntity
  8
F.Silkscreen
  6
CONTINUOUS
100
AcDbLine
 10
94.7822999999999922
 20
-64.8509999999999991
 30
0
 11
94.7822999999999922
 21
-75.0090000000000003
 31
0
  0
LINE
  5
49D
330
1B
100
AcDbEntity
  8
F.Silkscreen
  6
CONTINUOUS
100
AcDbLine
 10
94.8222999999999985
 20
-64.8509999999999991
 30
0
 11
94.8222999999999985
 21
-75.0090000000000003
 31
0
  0
LINE
  5
49E
330
1B
100
AcDbEntity
  8
F.Silkscreen
  6
CONTINUOUS
100
AcDbLine
 10
94.8622999999999905
 20
-64.8529999999999944
 30
0
 11
94.8622999999999905
 21
-75.0069999999999908
 31
0
  0
LINE
  5
49F
330
1B
100
AcDbEntity
  8
F.Silkscreen
  6
CONTINUOUS
100
AcDbLine
 10
94.9022999999999968
 20
-64.8539999999999992
 30
0
 11
94.9022999999999968
 21
-75.0060000000000002
 31
0
  0
LINE
  5
4A0
330
1B
100
AcDbEntity
  8
F.Silkscreen
  6
CONTINUOUS
100
AcDbLine
 10
94.9422999999999888
 20
-64.8559999999999945
 30
0
 11
94.9422999999999888
 21
-75.0039999999999907
 31
0
  0
LINE
  5
4A1
330
1B
100
AcDbEntity
  8
F.Silkscreen
  6
CONTINUOUS
100
AcDbLine
 10
94.9822999999999951
 20
-64.8580000000000041
 30
0
 11
94.9822999999999951
 21
-75.0019999999999953
 31
0
  0
LINE
  5
4A2
330
1B
100
AcDbEntity
  8
F.Silkscreen
  6
CONTINUOUS
100
AcDbLine
 10
95.0223000000000013
 20
-64.8599999999999994
 30
0
 11
95.0223000000000013
 21
-75.
 31
0
  0
LINE
  5
4A3
330
1B
100
AcDbEntity
  8
F.Silkscreen
  6
CONTINUOUS
100
AcDbLine
 10
95.0622999999999934
 20
-64.8629999999999995
 30
0
 11
95.0622999999999934
 21
-74.9969999999999999
 31
0
  0
LINE
  5
4A4
330
1B
100
AcDbEntity
  8
F.Silkscreen
  6
CONTINUOUS
100
AcDbLine
 10
95.1022999999999996
 20
-64.8659999999999997
 30
0
 11
95.1022999999999996
 21
-74.9939999999999998
 31
0
  0
LINE
  5
4A5
330
1B
100
AcDbEntity
  8
F.Silkscreen
  6
CONTINUOUS
100
AcDbLine
 10
95.1422999999999917
 20
-64.8689999999999998
 30
0
 11
95.1422999999999917
 21
-74.9909999999999997
 31
0
  0
LINE
  5
4A6
330
1B
100
AcDbEntity
  8
F.Silkscreen
  6
CONTINUOUS
100
AcDbLine
 10
95.1822999999999979
 20
-64.8729999999999905
 30
0
 11
95.1822999999999979
 21
-74.9869999999999948
 31
0
  0
LINE
  5
4A7
330
1B
100
AcDbEntity
  8
F.Silkscreen
  6
CONTINUOUS
100
AcDbLine
 10
95.22229999999999
 20
-64.8759999999999906
 30
0
 11
95.22229999999999
 21
-74.9839999999999947
 31
0
  0
LINE
  5
4A8
330
1B
100
AcDbEntity
  8
F.Silkscreen
  6
CONTINUOUS
100
AcDbLine
 10
95.2622999999999962
 20
-64.8810000000000002
 30
0
 11
95.2622999999999962
 21
-74.9789999999999992
 31
0
  0
LINE
  5
4A9
330
1B
100
AcDbEntity
  8
F.Silkscreen
  6
CONTINUOUS
100
AcDbLine
 10
95.3023000000000025
 20
-64.8849999999999909
 30
0
 11
95.3023000000000025
 21
-74.9749999999999943
 31
0
  0
LINE
  5
4AA
330
1B
100
AcDbEntity
  8
F.Silkscreen
  6
CONTINUOUS
100
AcDbLine
 10
95.3422999999999945
 20
-64.8900000000000006
 30
0
 11
95.3422999999999945
 21
-74.9699999999999989
 31
0
  0
LINE
  5
4AB
330
1B
100
AcDbEntity
  8
F.Silkscreen
  6
CONTINUOUS
100
AcDbLine
 10
95.3823000000000008
 20
-64.894999999999996
 30
0
 11
95.3823000000000008
 21
-74.9650000000000034
 31
0
  0
LINE
  5
4AC
330
1B
100
AcDbEntity
  8
F.Silkscreen
  6
CONTINUOUS
100
AcDbLine
 10
95.4222999999999928
 20
-64.9009999999999962
 30
0
 11
95.4222999999999928
 21
-74.9590000000000032
 31
0
  0
LINE
  5
4AD
330
1B
100
AcDbEntity
  8
F.Silkscreen
  6
CONTINUOUS
100
AcDbLine
 10
95.462299999999999
 20
-64.9069999999999965
 30
0
 11
95.462299999999999
 21
-74.953000000000003
 31
0
  0
LINE
  5
4AE
330
1B
100
AcDbEntity
  8
F.Silkscreen
  6
CONTINUOUS
100
AcDbLine
 10
95.5022999999999911
 20
-64.9129999999999967
 30
0
 11
95.5022999999999911
 21
-74.9470000000000027
 31
0
  0
LINE
  5
4AF
330
1B
100
AcDbEntity
  8
F.Silkscreen
  6
CONTINUOUS
100
AcDbLine
 10
95.5422999999999973
 20
-64.9189999999999969
 30
0
 11
95.5422999999999973
 21
-74.9410000000000025
 31
0
  0
LINE
  5
4B0
330
1B
100
AcDbEntity
  8
F.Silkscreen
  6
CONTINUOUS
100
AcDbLine
 10
95.5822999999999894
 20
-64.9260000000000019
 30
0
 11
95.5822999999999894
 21
-74.9339999999999975
 31
0
  0
LINE
  5
4B1
330
1B
100
AcDbEntity
  8
F.Silkscreen
  6
CONTINUOUS
100
AcDbLine
 10
95.6222999999999956
 20
-64.9329999999999927
 30
0
 11
95.6222999999999956
 21
-74.9269999999999925
 31
0
  0
LINE
  5
4B2
330
1B
100
AcDbEntity
  8
F.Silkscreen
  6
CONTINUOUS
100
AcDbLine
 10
95.6623000000000019
 20
-64.9410000000000025
 30
0
 11
95.6623000000000019
 21
-74.9189999999999969
 31
0
  0
LINE
  5
4B3
330
1B
100
AcDbEntity
  8
F.Silkscreen
  6
CONTINUOUS
100
AcDbLine
 10
95.7022999999999939
 20
-64.9489999999999981
 30
0
 11
95.7022999999999939
 21
-74.9110000000000014
 31
0
  0
LINE
  5
4B4
330
1B
100
AcDbEntity
  8
F.Silkscreen
  6
CONTINUOUS
100
AcDbLine
 10
95.7423000000000002
 20
-64.9569999999999936
 30
0
 11
95.7423000000000002
 21
-74.9029999999999916
 31
0
  0
LINE
  5
4B5
330
1B
100
AcDbEntity
  8
F.Silkscreen
  6
CONTINUOUS
100
AcDbLine
 10
95.7822999999999922
 20
-64.9650000000000034
 30
0
 11
95.7822999999999922
 21
-74.894999999999996
 31
0
  0
LINE
  5
4B6
330
1B
100
AcDbEntity
  8
F.Silkscreen
  6
CONTINUOUS
100
AcDbLine
 10
95.8222999999999985
 20
-64.9740000000000038
 30
0
 11
95.8222999999999985
 21
-74.8859999999999957
 31
0
  0
LINE
  5
4B7
330
1B
100
AcDbEntity
  8
F.Silkscreen
  6
CONTINUOUS
100
AcDbLine
 10
95.8622999999999905
 20
-64.9830000000000041
 30
0
 11
95.8622999999999905
 21
-74.8769999999999953
 31
0
  0
LINE
  5
4B8
330
1B
100
AcDbEntity
  8
F.Silkscreen
  6
CONTINUOUS
100
AcDbLine
 10
95.9022999999999968
 20
-64.992999999999995
 30
0
 11
95.9022999999999968
 21
-74.8669999999999902
 31
0
  0
LINE
  5
4B9
330
1B
100
AcDbEntity
  8
F.Silkscreen
  6
CONTINUOUS
100
AcDbLine
 10
95.9422999999999888
 20
-65.0019999999999953
 30
0
 11
95.9422999999999888
 21
-74.8579999999999899
 31
0
  0
LINE
  5
4BA
330
1B
100
AcDbEntity
  8
F.Silkscreen
  6
CONTINUOUS
100
AcDbLine
 10
95.9822999999999951
 20
-65.012999999999991
 30
0
 11
95.9822999999999951
 21
-68.6899999999999977
 31
0
  0
LINE
  5
4BB
330
1B
100
AcDbEntity
  8
F.Silkscreen
  6
CONTINUOUS
100
AcDbLine
 10
95.9822999999999951
 20
-71.1700000000000017
 30
0
 11
95.9822999999999951
 21
-74.8469999999999942
 31
0
  0
LINE
  5
4BC
330
1B
100
AcDbEntity
  8
F.Silkscreen
  6
CONTINUOUS
100
AcDbLine
 10
96.0223000000000013
 20
-65.0229999999999961
 30
0
 11
96.0223000000000013
 21
-68.6899999999999977
 31
0
  0
LINE
  5
4BD
330
1B
100
AcDbEntity
  8
F.Silkscreen
  6
CONTINUOUS
100
AcDbLine
 10
96.0223000000000013
 20
-71.1700000000000017
 30
0
 11
96.0223000000000013
 21
-74.8370000000000033
 31
0
  0
LINE
  5
4BE
330
1B
100
AcDbEntity
  8
F.Silkscreen
  6
CONTINUOUS
100
AcDbLine
 10
96.0622999999999934
 20
-65.0339999999999918
 30
0
 11
96.0622999999999934
 21
-68.6899999999999977
 31
0
  0
LINE
  5
4BF
330
1B
100
AcDbEntity
  8
F.Silkscreen
  6
CONTINUOUS
100
AcDbLine
 10
96.0622999999999934
 20
-71.1700000000000017
 30
0
 11
96.0622999999999934
 21
-74.8259999999999934
 31
0
  0
LINE
  5
4C0
330
1B
100
AcDbEntity
  8
F.Silkscreen
  6
CONTINUOUS
100
AcDbLine
 10
96.1022999999999996
 20
-65.0450000000000017
 30
0
 11
96.1022999999999996
 21
-68.6899999999999977
 31
0
  0
LINE
  5
4C1
330
1B
100
AcDbEntity
  8
F.Silkscreen
  6
CONTINUOUS
100
AcDbLine
 10
96.1022999999999996
 20
-71.1700000000000017
 30
0
 11
96.1022999999999996
 21
-74.8149999999999977
 31
0
  0
LINE
  5
4C2
330
1B
100
AcDbEntity
  8
F.Silkscreen
  6
CONTINUOUS
100
AcDbLine
 10
96.1422999999999917
 20
-65.0570000000000022
 30
0
 11
96.1422999999999917
 21
-68.6899999999999977
 31
0
  0
LINE
  5
4C3
330
1B
100
AcDbEntity
  8
F.Silkscreen
  6
CONTINUOUS
100
AcDbLine
 10
96.1422999999999917
 20
-71.1700000000000017
 30
0
 11
96.1422999999999917
 21
-74.8029999999999973
 31
0
  0
LINE
  5
4C4
330
1B
100
AcDbEntity
  8
F.Silkscreen
  6
CONTINUOUS
100
AcDbLine
 10
96.1822999999999979
 20
-65.0690000000000026
 30
0
 11
96.1822999999999979
 21
-68.6899999999999977
 31
0
  0
LINE
  5
4C5
330
1B
100
AcDbEntity
  8
F.Silkscreen
  6
CONTINUOUS
100
AcDbLine
 10
96.1822999999999979
 20
-71.1700000000000017
 30
0
 11
96.1822999999999979
 21
-74.7909999999999968
 31
0
  0
LINE
  5
4C6
330
1B
100
AcDbEntity
  8
F.Silkscreen
  6
CONTINUOUS
100
AcDbLine
 10
96.22229999999999
 20
-65.0810000000000031
 30
0
 11
96.22229999999999
 21
-68.6899999999999977
 31
0
  0
LINE
  5
4C7
330
1B
100
AcDbEntity
  8
F.Silkscreen
  6
CONTINUOUS
100
AcDbLine
 10
96.22229999999999
 20
-71.1700000000000017
 30
0
 11
96.22229999999999
 21
-74.7789999999999964
 31
0
  0
LINE
  5
4C8
330
1B
100
AcDbEntity
  8
F.Silkscreen
  6
CONTINUOUS
100
AcDbLine
 10
96.2622999999999962
 20
-65.0930000000000035
 30
0
 11
96.2622999999999962
 21
-68.6899999999999977
 31
0
  0
LINE
  5
4C9
330
1B
100
AcDbEntity
  8
F.Silkscreen
  6
CONTINUOUS
100
AcDbLine
 10
96.2622999999999962
 20
-71.1700000000000017
 30
0
 11
96.2622999999999962
 21
-74.7669999999999959
 31
0
  0
LINE
  5
4CA
330
1B
100
AcDbEntity
  8
F.Silkscreen
  6
CONTINUOUS
100
AcDbLine
 10
96.3023000000000025
 20
-65.1059999999999945
 30
0
 11
96.3023000000000025
 21
-68.6899999999999977
 31
0
  0
LINE
  5
4CB
330
1B
100
AcDbEntity
  8
F.Silkscreen
  6
CONTINUOUS
100
AcDbLine
 10
96.3023000000000025
 20
-71.1700000000000017
 30
0
 11
96.3023000000000025
 21
-74.7539999999999907
 31
0
  0
LINE
  5
4CC
330
1B
100
AcDbEntity
  8
F.Silkscreen
  6
CONTINUOUS
100
AcDbLine
 10
96.3422999999999945
 20
-65.1199999999999903
 30
0
 11
96.3422999999999945
 21
-68.6899999999999977
 31
0
  0
LINE
  5
4CD
330
1B
100
AcDbEntity
  8
F.Silkscreen
  6
CONTINUOUS
100
AcDbLine
 10
96.3422999999999945
 20
-71.1700000000000017
 30
0
 11
96.3422999999999945
 21
-74.7399999999999949
 31
0
  0
LINE
  5
4CE
330
1B
100
AcDbEntity
  8
F.Silkscreen
  6
CONTINUOUS
100
AcDbLine
 10
96.3823000000000008
 20
-65.1329999999999956
 30
0
 11
96.3823000000000008
 21
-68.6899999999999977
 31
0
  0
LINE
  5
4CF
330
1B
100
AcDbEntity
  8
F.Silkscreen
  6
CONTINUOUS
100
AcDbLine
 10
96.3823000000000008
 20
-71.1700000000000017
 30
0
 11
96.3823000000000008
 21
-74.7269999999999897
 31
0
  0
LINE
  5
4D0
330
1B
100
AcDbEntity
  8
F.Silkscreen
  6
CONTINUOUS
100
AcDbLine
 10
96.4222999999999928
 20
-65.1479999999999961
 30
0
 11
96.4222999999999928
 21
-68.6899999999999977
 31
0
  0
LINE
  5
4D1
330
1B
100
AcDbEntity
  8
F.Silkscreen
  6
CONTINUOUS
100
AcDbLine
 10
96.4222999999999928
 20
-71.1700000000000017
 30
0
 11
96.4222999999999928
 21
-74.7120000000000033
 31
0
  0
LINE
  5
4D2
330
1B
100
AcDbEntity
  8
F.Silkscreen
  6
CONTINUOUS
100
AcDbLine
 10
96.462299999999999
 20
-65.1619999999999919
 30
0
 11
96.462299999999999
 21
-68.6899999999999977
 31
0
  0
LINE
  5
4D3
330
1B
100
AcDbEntity
  8
F.Silkscreen
  6
CONTINUOUS
100
AcDbLine
 10
96.462299999999999
 20
-71.1700000000000017
 30
0
 11
96.462299999999999
 21
-74.6979999999999933
 31
0
  0
LINE
  5
4D4
330
1B
100
AcDbEntity
  8
F.Silkscreen
  6
CONTINUOUS
100
AcDbLine
 10
96.5022999999999911
 20
-65.1769999999999925
 30
0
 11
96.5022999999999911
 21
-68.6899999999999977
 31
0
  0
LINE
  5
4D5
330
1B
100
AcDbEntity
  8
F.Silkscreen
  6
CONTINUOUS
100
AcDbLine
 10
96.5022999999999911
 20
-71.1700000000000017
 30
0
 11
96.5022999999999911
 21
-74.6829999999999927
 31
0
  0
LINE
  5
4D6
330
1B
100
AcDbEntity
  8
F.Silkscreen
  6
CONTINUOUS
100
AcDbLine
 10
96.5422999999999973
 20
-65.1919999999999931
 30
0
 11
96.5422999999999973
 21
-68.6899999999999977
 31
0
  0
LINE
  5
4D7
330
1B
100
AcDbEntity
  8
F.Silkscreen
  6
CONTINUOUS
100
AcDbLine
 10
96.5422999999999973
 20
-71.1700000000000017
 30
0
 11
96.5422999999999973
 21
-74.6679999999999922
 31
0
  0
LINE
  5
4D8
330
1B
100
AcDbEntity
  8
F.Silkscreen
  6
CONTINUOUS
100
AcDbLine
 10
96.5822999999999894
 20
-65.2079999999999984
 30
0
 11
96.5822999999999894
 21
-68.6899999999999977
 31
0
  0
LINE
  5
4D9
330
1B
100
AcDbEntity
  8
F.Silkscreen
  6
CONTINUOUS
100
AcDbLine
 10
96.5822999999999894
 20
-71.1700000000000017
 30
0
 11
96.5822999999999894
 21
-74.652000000000001
 31
0
  0
LINE
  5
4DA
330
1B
100
AcDbEntity
  8
F.Silkscreen
  6
CONTINUOUS
100
AcDbLine
 10
96.6222999999999956
 20
-65.2240000000000038
 30
0
 11
96.6222999999999956
 21
-68.6899999999999977
 31
0
  0
LINE
  5
4DB
330
1B
100
AcDbEntity
  8
F.Silkscreen
  6
CONTINUOUS
100
AcDbLine
 10
96.6222999999999956
 20
-71.1700000000000017
 30
0
 11
96.6222999999999956
 21
-74.6359999999999957
 31
0
  0
LINE
  5
4DC
330
1B
100
AcDbEntity
  8
F.Silkscreen
  6
CONTINUOUS
100
AcDbLine
 10
96.6623000000000019
 20
-65.2399999999999949
 30
0
 11
96.6623000000000019
 21
-68.6899999999999977
 31
0
  0
LINE
  5
4DD
330
1B
100
AcDbEntity
  8
F.Silkscreen
  6
CONTINUOUS
100
AcDbLine
 10
96.6623000000000019
 20
-71.1700000000000017
 30
0
 11
96.6623000000000019
 21
-74.6199999999999903
 31
0
  0
LINE
  5
4DE
330
1B
100
AcDbEntity
  8
F.Silkscreen
  6
CONTINUOUS
100
AcDbLine
 10
96.7022999999999939
 20
-65.2569999999999908
 30
0
 11
96.7022999999999939
 21
-68.6899999999999977
 31
0
  0
LINE
  5
4DF
330
1B
100
AcDbEntity
  8
F.Silkscreen
  6
CONTINUOUS
100
AcDbLine
 10
96.7022999999999939
 20
-71.1700000000000017
 30
0
 11
96.7022999999999939
 21
-74.6029999999999944
 31
0
  0
LINE
  5
4E0
330
1B
100
AcDbEntity
  8
F.Silkscreen
  6
CONTINUOUS
100
AcDbLine
 10
96.7423000000000002
 20
-65.2740000000000009
 30
0
 11
96.7423000000000002
 21
-68.6899999999999977
 31
0
  0
LINE
  5
4E1
330
1B
100
AcDbEntity
  8
F.Silkscreen
  6
CONTINUOUS
100
AcDbLine
 10
96.7423000000000002
 20
-71.1700000000000017
 30
0
 11
96.7423000000000002
 21
-74.5859999999999985
 31
0
  0
LINE
  5
4E2
330
1B
100
AcDbEntity
  8
F.Silkscreen
  6
CONTINUOUS
100
AcDbLine
 10
96.7822999999999922
 20
-65.2920000000000016
 30
0
 11
96.7822999999999922
 21
-68.6899999999999977
 31
0
  0
LINE
  5
4E3
330
1B
100
AcDbEntity
  8
F.Silkscreen
  6
CONTINUOUS
100
AcDbLine
 10
96.7822999999999922
 20
-71.1700000000000017
 30
0
 11
96.7822999999999922
 21
-74.5679999999999978
 31
0
  0
LINE
  5
4E4
330
1B
100
AcDbEntity
  8
F.Silkscreen
  6
CONTINUOUS
100
AcDbLine
 10
96.8222999999999985
 20
-65.3100000000000023
 30
0
 11
96.8222999999999985
 21
-68.6899999999999977
 31
0
  0
LINE
  5
4E5
330
1B
100
AcDbEntity
  8
F.Silkscreen
  6
CONTINUOUS
100
AcDbLine
 10
96.8222999999999985
 20
-71.1700000000000017
 30
0
 11
96.8222999999999985
 21
-74.5499999999999972
 31
0
  0
LINE
  5
4E6
330
1B
100
AcDbEntity
  8
F.Silkscreen
  6
CONTINUOUS
100
AcDbLine
 10
96.8622999999999905
 20
-65.328000000000003
 30
0
 11
96.8622999999999905
 21
-68.6899999999999977
 31
0
  0
LINE
  5
4E7
330
1B
100
AcDbEntity
  8
F.Silkscreen
  6
CONTINUOUS
100
AcDbLine
 10
96.8622999999999905
 20
-71.1700000000000017
 30
0
 11
96.8622999999999905
 21
-74.5319999999999965
 31
0
  0
LINE
  5
4E8
330
1B
100
AcDbEntity
  8
F.Silkscreen
  6
CONTINUOUS
100
AcDbLine
 10
96.9022999999999968
 20
-65.3469999999999942
 30
0
 11
96.9022999999999968
 21
-68.6899999999999977
 31
0
  0
LINE
  5
4E9
330
1B
100
AcDbEntity
  8
F.Silkscreen
  6
CONTINUOUS
100
AcDbLine
 10
96.9022999999999968
 20
-71.1700000000000017
 30
0
 11
96.9022999999999968
 21
-74.512999999999991
 31
0
  0
LINE
  5
4EA
330
1B
100
AcDbEntity
  8
F.Silkscreen
  6
CONTINUOUS
100
AcDbLine
 10
96.9422999999999888
 20
-65.3659999999999997
 30
0
 11
96.9422999999999888
 21
-68.6899999999999977
 31
0
  0
LINE
  5
4EB
330
1B
100
AcDbEntity
  8
F.Silkscreen
  6
CONTINUOUS
100
AcDbLine
 10
96.9422999999999888
 20
-71.1700000000000017
 30
0
 11
96.9422999999999888
 21
-74.4939999999999998
 31
0
  0
LINE
  5
4EC
330
1B
100
AcDbEntity
  8
F.Silkscreen
  6
CONTINUOUS
100
AcDbLine
 10
96.9822999999999951
 20
-65.3859999999999957
 30
0
 11
96.9822999999999951
 21
-68.6899999999999977
 31
0
  0
LINE
  5
4ED
330
1B
100
AcDbEntity
  8
F.Silkscreen
  6
CONTINUOUS
100
AcDbLine
 10
96.9822999999999951
 20
-71.1700000000000017
 30
0
 11
96.9822999999999951
 21
-74.4739999999999895
 31
0
  0
LINE
  5
4EE
330
1B
100
AcDbEntity
  8
F.Silkscreen
  6
CONTINUOUS
100
AcDbLine
 10
97.0223000000000013
 20
-65.4059999999999917
 30
0
 11
97.0223000000000013
 21
-68.6899999999999977
 31
0
  0
LINE
  5
4EF
330
1B
100
AcDbEntity
  8
F.Silkscreen
  6
CONTINUOUS
100
AcDbLine
 10
97.0223000000000013
 20
-71.1700000000000017
 30
0
 11
97.0223000000000013
 21
-74.4539999999999935
 31
0
  0
LINE
  5
4F0
330
1B
100
AcDbEntity
  8
F.Silkscreen
  6
CONTINUOUS
100
AcDbLine
 10
97.0622999999999934
 20
-65.4260000000000019
 30
0
 11
97.0622999999999934
 21
-68.6899999999999977
 31
0
  0
LINE
  5
4F1
330
1B
100
AcDbEntity
  8
F.Silkscreen
  6
CONTINUOUS
100
AcDbLine
 10
97.0622999999999934
 20
-71.1700000000000017
 30
0
 11
97.0622999999999934
 21
-74.4339999999999975
 31
0
  0
LINE
  5
4F2
330
1B
100
AcDbEntity
  8
F.Silkscreen
  6
CONTINUOUS
100
AcDbLine
 10
97.1022999999999996
 20
-65.4470000000000027
 30
0
 11
97.1022999999999996
 21
-68.6899999999999977
 31
0
  0
LINE
  5
4F3
330
1B
100
AcDbEntity
  8
F.Silkscreen
  6
CONTINUOUS
100
AcDbLine
 10
97.1022999999999996
 20
-71.1700000000000017
 30
0
 11
97.1022999999999996
 21
-74.4129999999999967
 31
0
  0
LINE
  5
4F4
330
1B
100
AcDbEntity
  8
F.Silkscreen
  6
CONTINUOUS
100
AcDbLine
 10
97.1422999999999917
 20
-65.4689999999999941
 30
0
 11
97.1422999999999917
 21
-68.6899999999999977
 31
0
  0
LINE
  5
4F5
330
1B
100
AcDbEntity
  8
F.Silkscreen
  6
CONTINUOUS
100
AcDbLine
 10
97.1422999999999917
 20
-71.1700000000000017
 30
0
 11
97.1422999999999917
 21
-74.3909999999999911
 31
0
  0
LINE
  5
4F6
330
1B
100
AcDbEntity
  8
F.Silkscreen
  6
CONTINUOUS
100
AcDbLine
 10
97.1822999999999979
 20
-65.4909999999999997
 30
0
 11
97.1822999999999979
 21
-68.6899999999999977
 31
0
  0
LINE
  5
4F7
330
1B
100
AcDbEntity
  8
F.Silkscreen
  6
CONTINUOUS
100
AcDbLine
 10
97.1822999999999979
 20
-71.1700000000000017
 30
0
 11
97.1822999999999979
 21
-74.3689999999999998
 31
0
  0
LINE
  5
4F8
330
1B
100
AcDbEntity
  8
F.Silkscreen
  6
CONTINUOUS
100
AcDbLine
 10
97.22229999999999
 20
-65.512999999999991
 30
0
 11
97.22229999999999
 21
-68.6899999999999977
 31
0
  0
LINE
  5
4F9
330
1B
100
AcDbEntity
  8
F.Silkscreen
  6
CONTINUOUS
100
AcDbLine
 10
97.22229999999999
 20
-71.1700000000000017
 30
0
 11
97.22229999999999
 21
-74.3469999999999942
 31
0
  0
LINE
  5
4FA
330
1B
100
AcDbEntity
  8
F.Silkscreen
  6
CONTINUOUS
100
AcDbLine
 10
97.2622999999999962
 20
-65.5360000000000014
 30
0
 11
97.2622999999999962
 21
-68.6899999999999977
 31
0
  0
LINE
  5
4FB
330
1B
100
AcDbEntity
  8
F.Silkscreen
  6
CONTINUOUS
100
AcDbLine
 10
97.2622999999999962
 20
-71.1700000000000017
 30
0
 11
97.2622999999999962
 21
-74.3239999999999981
 31
0
  0
LINE
  5
4FC
330
1B
100
AcDbEntity
  8
F.Silkscreen
  6
CONTINUOUS
100
AcDbLine
 10
97.3023000000000025
 20
-65.5589999999999975
 30
0
 11
97.3023000000000025
 21
-68.6899999999999977
 31
0
  0
LINE
  5
4FD
330
1B
100
AcDbEntity
  8
F.Silkscreen
  6
CONTINUOUS
100
AcDbLine
 10
97.3023000000000025
 20
-71.1700000000000017
 30
0
 11
97.3023000000000025
 21
-74.3010000000000019
 31
0
  0
LINE
  5
4FE
330
1B
100
AcDbEntity
  8
F.Silkscreen
  6
CONTINUOUS
100
AcDbLine
 10
97.3422999999999945
 20
-65.5829999999999984
 30
0
 11
97.3422999999999945
 21
-68.6899999999999977
 31
0
  0
LINE
  5
4FF
330
1B
100
AcDbEntity
  8
F.Silkscreen
  6
CONTINUOUS
100
AcDbLine
 10
97.3422999999999945
 20
-71.1700000000000017
 30
0
 11
97.3422999999999945
 21
-74.277000000000001
 31
0
  0
LINE
  5
500
330
1B
100
AcDbEntity
  8
F.Silkscreen
  6
CONTINUOUS
100
AcDbLine
 10
97.3823000000000008
 20
-65.6069999999999993
 30
0
 11
97.3823000000000008
 21
-68.6899999999999977
 31
0
  0
LINE
  5
501
330
1B
100
AcDbEntity
  8
F.Silkscreen
  6
CONTINUOUS
100
AcDbLine
 10
97.3823000000000008
 20
-71.1700000000000017
 30
0
 11
97.3823000000000008
 21
-74.2530000000000001
 31
0
  0
LINE
  5
502
330
1B
100
AcDbEntity
  8
F.Silkscreen
  6
CONTINUOUS
100
AcDbLine
 10
97.4222999999999928
 20
-65.6319999999999908
 30
0
 11
97.4222999999999928
 21
-68.6899999999999977
 31
0
  0
LINE
  5
503
330
1B
100
AcDbEntity
  8
F.Silkscreen
  6
CONTINUOUS
100
AcDbLine
 10
97.4222999999999928
 20
-71.1700000000000017
 30
0
 11
97.4222999999999928
 21
-74.2279999999999944
 31
0
  0
LINE
  5
504
330
1B
100
AcDbEntity
  8
F.Silkscreen
  6
CONTINUOUS
100
AcDbLine
 10
97.462299999999999
 20
-65.6580000000000013
 30
0
 11
97.462299999999999
 21
-68.6899999999999977
 31
0
  0
LINE
  5
505
330
1B
100
AcDbEntity
  8
F.Silkscreen
  6
CONTINUOUS
100
AcDbLine
 10
97.462299999999999
 20
-71.1700000000000017
 30
0
 11
97.462299999999999
 21
-74.2019999999999982
 31
0
  0
LINE
  5
506
330
1B
100
AcDbEntity
  8
F.Silkscreen
  6
CONTINUOUS
100
AcDbLine
 10
97.5022999999999911
 20
-65.6829999999999927
 30
0
 11
97.5022999999999911
 21
-68.6899999999999977
 31
0
  0
LINE
  5
507
330
1B
100
AcDbEntity
  8
F.Silkscreen
  6
CONTINUOUS
100
AcDbLine
 10
97.5022999999999911
 20
-71.1700000000000017
 30
0
 11
97.5022999999999911
 21
-74.1769999999999925
 31
0
  0
LINE
  5
508
330
1B
100
AcDbEntity
  8
F.Silkscreen
  6
CONTINUOUS
100
AcDbLine
 10
97.5422999999999973
 20
-65.7099999999999937
 30
0
 11
97.5422999999999973
 21
-68.6899999999999977
 31
0
  0
LINE
  5
509
330
1B
100
AcDbEntity
  8
F.Silkscreen
  6
CONTINUOUS
100
AcDbLine
 10
97.5422999999999973
 20
-71.1700000000000017
 30
0
 11
97.5422999999999973
 21
-74.1499999999999915
 31
0
  0
LINE
  5
50A
330
1B
100
AcDbEntity
  8
F.Silkscreen
  6
CONTINUOUS
100
AcDbLine
 10
97.5822999999999894
 20
-65.7369999999999948
 30
0
 11
97.5822999999999894
 21
-68.6899999999999977
 31
0
  0
LINE
  5
50B
330
1B
100
AcDbEntity
  8
F.Silkscreen
  6
CONTINUOUS
100
AcDbLine
 10
97.5822999999999894
 20
-71.1700000000000017
 30
0
 11
97.5822999999999894
 21
-74.1229999999999905
 31
0
  0
LINE
  5
50C
330
1B
100
AcDbEntity
  8
F.Silkscreen
  6
CONTINUOUS
100
AcDbLine
 10
97.6222999999999956
 20
-65.7639999999999958
 30
0
 11
97.6222999999999956
 21
-68.6899999999999977
 31
0
  0
LINE
  5
50D
330
1B
100
AcDbEntity
  8
F.Silkscreen
  6
CONTINUOUS
100
AcDbLine
 10
97.6222999999999956
 20
-71.1700000000000017
 30
0
 11
97.6222999999999956
 21
-74.0960000000000036
 31
0
  0
LINE
  5
50E
330
1B
100
AcDbEntity
  8
F.Silkscreen
  6
CONTINUOUS
100
AcDbLine
 10
97.6623000000000019
 20
-65.7920000000000016
 30
0
 11
97.6623000000000019
 21
-68.6899999999999977
 31
0
  0
LINE
  5
50F
330
1B
100
AcDbEntity
  8
F.Silkscreen
  6
CONTINUOUS
100
AcDbLine
 10
97.6623000000000019
 20
-71.1700000000000017
 30
0
 11
97.6623000000000019
 21
-74.0679999999999978
 31
0
  0
LINE
  5
510
330
1B
100
AcDbEntity
  8
F.Silkscreen
  6
CONTINUOUS
100
AcDbLine
 10
97.7022999999999939
 20
-65.820999999999998
 30
0
 11
97.7022999999999939
 21
-68.6899999999999977
 31
0
  0
LINE
  5
511
330
1B
100
AcDbEntity
  8
F.Silkscreen
  6
CONTINUOUS
100
AcDbLine
 10
97.7022999999999939
 20
-71.1700000000000017
 30
0
 11
97.7022999999999939
 21
-74.0390000000000015
 31
0
  0
LINE
  5
512
330
1B
100
AcDbEntity
  8
F.Silkscreen
  6
CONTINUOUS
100
AcDbLine
 10
97.7423000000000002
 20
-65.8499999999999943
 30
0
 11
97.7423000000000002
 21
-68.6899999999999977
 31
0
  0
LINE
  5
513
330
1B
100
AcDbEntity
  8
F.Silkscreen
  6
CONTINUOUS
100
AcDbLine
 10
97.7423000000000002
 20
-71.1700000000000017
 30
0
 11
97.7423000000000002
 21
-74.0099999999999909
 31
0
  0
LINE
  5
514
330
1B
100
AcDbEntity
  8
F.Silkscreen
  6
CONTINUOUS
100
AcDbLine
 10
97.7822999999999922
 20
-65.8799999999999955
 30
0
 11
97.7822999999999922
 21
-68.6899999999999977
 31
0
  0
LINE
  5
515
330
1B
100
AcDbEntity
  8
F.Silkscreen
  6
CONTINUOUS
100
AcDbLine
 10
97.7822999999999922
 20
-71.1700000000000017
 30
0
 11
97.7822999999999922
 21
-73.9799999999999898
 31
0
  0
LINE
  5
516
330
1B
100
AcDbEntity
  8
F.Silkscreen
  6
CONTINUOUS
100
AcDbLine
 10
97.8222999999999985
 20
-65.9099999999999966
 30
0
 11
97.8222999999999985
 21
-68.6899999999999977
 31
0
  0
LINE
  5
517
330
1B
100
AcDbEntity
  8
F.Silkscreen
  6
CONTINUOUS
100
AcDbLine
 10
97.8222999999999985
 20
-71.1700000000000017
 30
0
 11
97.8222999999999985
 21
-73.9500000000000028
 31
0
  0
LINE
  5
518
330
1B
100
AcDbEntity
  8
F.Silkscreen
  6
CONTINUOUS
100
AcDbLine
 10
97.8622999999999905
 20
-65.9419999999999931
 30
0
 11
97.8622999999999905
 21
-68.6899999999999977
 31
0
  0
LINE
  5
519
330
1B
100
AcDbEntity
  8
F.Silkscreen
  6
CONTINUOUS
100
AcDbLine
 10
97.8622999999999905
 20
-71.1700000000000017
 30
0
 11
97.8622999999999905
 21
-73.9179999999999922
 31
0
  0
LINE
  5
51A
330
1B
100
AcDbEntity
  8
F.Silkscreen
  6
CONTINUOUS
100
AcDbLine
 10
97.9022999999999968
 20
-65.972999999999999
 30
0
 11
97.9022999999999968
 21
-68.6899999999999977
 31
0
  0
LINE
  5
51B
330
1B
100
AcDbEntity
  8
F.Silkscreen
  6
CONTINUOUS
100
AcDbLine
 10
97.9022999999999968
 20
-71.1700000000000017
 30
0
 11
97.9022999999999968
 21
-73.8870000000000005
 31
0
  0
LINE
  5
51C
330
1B
100
AcDbEntity
  8
F.Silkscreen
  6
CONTINUOUS
100
AcDbLine
 10
97.9422999999999888
 20
-66.0060000000000002
 30
0
 11
97.9422999999999888
 21
-68.6899999999999977
 31
0
  0
LINE
  5
51D
330
1B
100
AcDbEntity
  8
F.Silkscreen
  6
CONTINUOUS
100
AcDbLine
 10
97.9422999999999888
 20
-71.1700000000000017
 30
0
 11
97.9422999999999888
 21
-73.8539999999999992
 31
0
  0
LINE
  5
51E
330
1B
100
AcDbEntity
  8
F.Silkscreen
  6
CONTINUOUS
100
AcDbLine
 10
97.9822999999999951
 20
-66.0390000000000015
 30
0
 11
97.9822999999999951
 21
-68.6899999999999977
 31
0
  0
LINE
  5
51F
330
1B
100
AcDbEntity
  8
F.Silkscreen
  6
CONTINUOUS
100
AcDbLine
 10
97.9822999999999951
 20
-71.1700000000000017
 30
0
 11
97.9822999999999951
 21
-73.820999999999998
 31
0
  0
LINE
  5
520
330
1B
100
AcDbEntity
  8
F.Silkscreen
  6
CONTINUOUS
100
AcDbLine
 10
98.0223000000000013
 20
-66.0720000000000027
 30
0
 11
98.0223000000000013
 21
-68.6899999999999977
 31
0
  0
LINE
  5
521
330
1B
100
AcDbEntity
  8
F.Silkscreen
  6
CONTINUOUS
100
AcDbLine
 10
98.0223000000000013
 20
-71.1700000000000017
 30
0
 11
98.0223000000000013
 21
-73.7879999999999967
 31
0
  0
LINE
  5
522
330
1B
100
AcDbEntity
  8
F.Silkscreen
  6
CONTINUOUS
100
AcDbLine
 10
98.0622999999999934
 20
-66.1069999999999993
 30
0
 11
98.0622999999999934
 21
-68.6899999999999977
 31
0
  0
LINE
  5
523
330
1B
100
AcDbEntity
  8
F.Silkscreen
  6
CONTINUOUS
100
AcDbLine
 10
98.0622999999999934
 20
-71.1700000000000017
 30
0
 11
98.0622999999999934
 21
-73.7530000000000001
 31
0
  0
LINE
  5
524
330
1B
100
AcDbEntity
  8
F.Silkscreen
  6
CONTINUOUS
100
AcDbLine
 10
98.1022999999999996
 20
-66.1419999999999959
 30
0
 11
98.1022999999999996
 21
-68.6899999999999977
 31
0
  0
LINE
  5
525
330
1B
100
AcDbEntity
  8
F.Silkscreen
  6
CONTINUOUS
100
AcDbLine
 10
98.1022999999999996
 20
-71.1700000000000017
 30
0
 11
98.1022999999999996
 21
-73.7180000000000035
 31
0
  0
LINE
  5
526
330
1B
100
AcDbEntity
  8
F.Silkscreen
  6
CONTINUOUS
100
AcDbLine
 10
98.1422999999999917
 20
-66.1779999999999973
 30
0
 11
98.1422999999999917
 21
-68.6899999999999977
 31
0
  0
LINE
  5
527
330
1B
100
AcDbEntity
  8
F.Silkscreen
  6
CONTINUOUS
100
AcDbLine
 10
98.1422999999999917
 20
-71.1700000000000017
 30
0
 11
98.1422999999999917
 21
-73.6820000000000022
 31
0
  0
LINE
  5
528
330
1B
100
AcDbEntity
  8
F.Silkscreen
  6
CONTINUOUS
100
AcDbLine
 10
98.1822999999999979
 20
-66.2139999999999986
 30
0
 11
98.1822999999999979
 21
-68.6899999999999977
 31
0
  0
LINE
  5
529
330
1B
100
AcDbEntity
  8
F.Silkscreen
  6
CONTINUOUS
100
AcDbLine
 10
98.1822999999999979
 20
-71.1700000000000017
 30
0
 11
98.1822999999999979
 21
-73.6460000000000008
 31
0
  0
LINE
  5
52A
330
1B
100
AcDbEntity
  8
F.Silkscreen
  6
CONTINUOUS
100
AcDbLine
 10
98.22229999999999
 20
-66.2519999999999953
 30
0
 11
98.22229999999999
 21
-68.6899999999999977
 31
0
  0
LINE
  5
52B
330
1B
100
AcDbEntity
  8
F.Silkscreen
  6
CONTINUOUS
100
AcDbLine
 10
98.22229999999999
 20
-71.1700000000000017
 30
0
 11
98.22229999999999
 21
-73.6079999999999899
 31
0
  0
LINE
  5
52C
330
1B
100
AcDbEntity
  8
F.Silkscreen
  6
CONTINUOUS
100
AcDbLine
 10
98.2622999999999962
 20
-66.289999999999992
 30
0
 11
98.2622999999999962
 21
-68.6899999999999977
 31
0
  0
LINE
  5
52D
330
1B
100
AcDbEntity
  8
F.Silkscreen
  6
CONTINUOUS
100
AcDbLine
 10
98.2622999999999962
 20
-71.1700000000000017
 30
0
 11
98.2622999999999962
 21
-73.5699999999999932
 31
0
  0
LINE
  5
52E
330
1B
100
AcDbEntity
  8
F.Silkscreen
  6
CONTINUOUS
100
AcDbLine
 10
98.3023000000000025
 20
-66.3289999999999935
 30
0
 11
98.3023000000000025
 21
-68.6899999999999977
 31
0
  0
LINE
  5
52F
330
1B
100
AcDbEntity
  8
F.Silkscreen
  6
CONTINUOUS
100
AcDbLine
 10
98.3023000000000025
 20
-71.1700000000000017
 30
0
 11
98.3023000000000025
 21
-73.5309999999999917
 31
0
  0
LINE
  5
530
330
1B
100
AcDbEntity
  8
F.Silkscreen
  6
CONTINUOUS
100
AcDbLine
 10
98.3422999999999945
 20
-66.3689999999999998
 30
0
 11
98.3422999999999945
 21
-68.6899999999999977
 31
0
  0
LINE
  5
531
330
1B
100
AcDbEntity
  8
F.Silkscreen
  6
CONTINUOUS
100
AcDbLine
 10
98.3422999999999945
 20
-71.1700000000000017
 30
0
 11
98.3422999999999945
 21
-73.4909999999999997
 31
0
  0
LINE
  5
532
330
1B
100
AcDbEntity
  8
F.Silkscreen
  6
CONTINUOUS
100
AcDbLine
 10
98.3823000000000008
 20
-66.4099999999999966
 30
0
 11
98.3823000000000008
 21
-68.6899999999999977
 31
0
  0
LINE
  5
533
330
1B
100
AcDbEntity
  8
F.Silkscreen
  6
CONTINUOUS
100
AcDbLine
 10
98.3823000000000008
 20
-71.1700000000000017
 30
0
 11
98.3823000000000008
 21
-73.4500000000000028
 31
0
  0
LINE
  5
534
330
1B
100
AcDbEntity
  8
F.Silkscreen
  6
CONTINUOUS
100
AcDbLine
 10
98.4222999999999928
 20
-66.4519999999999982
 30
0
 11
98.4222999999999928
 21
-68.6899999999999977
 31
0
  0
LINE
  5
535
330
1B
100
AcDbEntity
  8
F.Silkscreen
  6
CONTINUOUS
100
AcDbLine
 10
98.4222999999999928
 20
-71.1700000000000017
 30
0
 11
98.4222999999999928
 21
-73.4080000000000013
 31
0
  0
LINE
  5
536
330
1B
100
AcDbEntity
  8
F.Silkscreen
  6
CONTINUOUS
100
AcDbLine
 10
98.462299999999999
 20
-66.4949999999999903
 30
0
 11
98.462299999999999
 21
-73.3649999999999949
 31
0
  0
LINE
  5
537
330
1B
100
AcDbEntity
  8
F.Silkscreen
  6
CONTINUOUS
100
AcDbLine
 10
98.5022999999999911
 20
-66.5390000000000015
 30
0
 11
98.5022999999999911
 21
-73.320999999999998
 31
0
  0
LINE
  5
538
330
1B
100
AcDbEntity
  8
F.Silkscreen
  6
CONTINUOUS
100
AcDbLine
 10
98.5422999999999973
 20
-66.5829999999999984
 30
0
 11
98.5422999999999973
 21
-73.277000000000001
 31
0
  0
LINE
  5
539
330
1B
100
AcDbEntity
  8
F.Silkscreen
  6
CONTINUOUS
100
AcDbLine
 10
98.5822999999999894
 20
-66.6289999999999907
 30
0
 11
98.5822999999999894
 21
-73.2309999999999945
 31
0
  0
LINE
  5
53A
330
1B
100
AcDbEntity
  8
F.Silkscreen
  6
CONTINUOUS
100
AcDbLine
 10
98.6222999999999956
 20
-66.6760000000000019
 30
0
 11
98.6222999999999956
 21
-73.1839999999999975
 31
0
  0
LINE
  5
53B
330
1B
100
AcDbEntity
  8
F.Silkscreen
  6
CONTINUOUS
100
AcDbLine
 10
98.6623000000000019
 20
-66.7249999999999943
 30
0
 11
98.6623000000000019
 21
-73.1349999999999909
 31
0
  0
LINE
  5
53C
330
1B
100
AcDbEntity
  8
F.Silkscreen
  6
CONTINUOUS
100
AcDbLine
 10
98.7022999999999939
 20
-66.7740000000000009
 30
0
 11
98.7022999999999939
 21
-73.0859999999999985
 31
0
  0
LINE
  5
53D
330
1B
100
AcDbEntity
  8
F.Silkscreen
  6
CONTINUOUS
100
AcDbLine
 10
98.7423000000000002
 20
-66.8250000000000028
 30
0
 11
98.7423000000000002
 21
-73.0349999999999966
 31
0
  0
LINE
  5
53E
330
1B
100
AcDbEntity
  8
F.Silkscreen
  6
CONTINUOUS
100
AcDbLine
 10
98.7822999999999922
 20
-66.8769999999999953
 30
0
 11
98.7822999999999922
 21
-72.9829999999999899
 31
0
  0
LINE
  5
53F
330
1B
100
AcDbEntity
  8
F.Silkscreen
  6
CONTINUOUS
100
AcDbLine
 10
98.8222999999999985
 20
-66.9299999999999926
 30
0
 11
98.8222999999999985
 21
-72.9299999999999926
 31
0
  0
LINE
  5
540
330
1B
100
AcDbEntity
  8
F.Silkscreen
  6
CONTINUOUS
100
AcDbLine
 10
98.8622999999999905
 20
-66.9849999999999994
 30
0
 11
98.8622999999999905
 21
-72.875
 31
0
  0
LINE
  5
541
330
1B
100
AcDbEntity
  8
F.Silkscreen
  6
CONTINUOUS
100
AcDbLine
 10
98.9022999999999968
 20
-67.0420000000000016
 30
0
 11
98.9022999999999968
 21
-72.8179999999999978
 31
0
  0
LINE
  5
542
330
1B
100
AcDbEntity
  8
F.Silkscreen
  6
CONTINUOUS
100
AcDbLine
 10
98.9422999999999888
 20
-67.0999999999999943
 30
0
 11
98.9422999999999888
 21
-72.7599999999999909
 31
0
  0
LINE
  5
543
330
1B
100
AcDbEntity
  8
F.Silkscreen
  6
CONTINUOUS
100
AcDbLine
 10
98.9822999999999951
 20
-67.1599999999999966
 30
0
 11
98.9822999999999951
 21
-72.7000000000000028
 31
0
  0
LINE
  5
544
330
1B
100
AcDbEntity
  8
F.Silkscreen
  6
CONTINUOUS
100
AcDbLine
 10
99.0223000000000013
 20
-67.2219999999999942
 30
0
 11
99.0223000000000013
 21
-72.637999999999991
 31
0
  0
LINE
  5
545
330
1B
100
AcDbEntity
  8
F.Silkscreen
  6
CONTINUOUS
100
AcDbLine
 10
99.0622999999999934
 20
-67.2860000000000014
 30
0
 11
99.0622999999999934
 21
-72.5739999999999981
 31
0
  0
LINE
  5
546
330
1B
100
AcDbEntity
  8
F.Silkscreen
  6
CONTINUOUS
100
AcDbLine
 10
99.1022999999999996
 20
-67.3520000000000039
 30
0
 11
99.1022999999999996
 21
-72.5079999999999956
 31
0
  0
LINE
  5
547
330
1B
100
AcDbEntity
  8
F.Silkscreen
  6
CONTINUOUS
100
AcDbLine
 10
99.1422999999999917
 20
-67.4200000000000017
 30
0
 11
99.1422999999999917
 21
-72.4399999999999977
 31
0
  0
LINE
  5
548
330
1B
100
AcDbEntity
  8
F.Silkscreen
  6
CONTINUOUS
100
AcDbLine
 10
99.1822999999999979
 20
-67.4909999999999997
 30
0
 11
99.1822999999999979
 21
-72.3689999999999998
 31
0
  0
LINE
  5
549
330
1B
100
AcDbEntity
  8
F.Silkscreen
  6
CONTINUOUS
100
AcDbLine
 10
99.22229999999999
 20
-67.5649999999999977
 30
0
 11
99.22229999999999
 21
-72.2950000000000017
 31
0
  0
LINE
  5
54A
330
1B
100
AcDbEntity
  8
F.Silkscreen
  6
CONTINUOUS
100
AcDbLine
 10
99.2622999999999962
 20
-67.6419999999999959
 30
0
 11
99.2622999999999962
 21
-72.2180000000000035
 31
0
  0
LINE
  5
54B
330
1B
100
AcDbEntity
  8
F.Silkscreen
  6
CONTINUOUS
100
AcDbLine
 10
99.3023000000000025
 20
-67.7219999999999942
 30
0
 11
99.3023000000000025
 21
-72.137999999999991
 31
0
  0
LINE
  5
54C
330
1B
100
AcDbEntity
  8
F.Silkscreen
  6
CONTINUOUS
100
AcDbLine
 10
99.3422999999999945
 20
-67.8059999999999974
 30
0
 11
99.3422999999999945
 21
-72.054000000000002
 31
0
  0
LINE
  5
54D
330
1B
100
AcDbEntity
  8
F.Silkscreen
  6
CONTINUOUS
100
AcDbLine
 10
99.3823000000000008
 20
-67.8930000000000007
 30
0
 11
99.3823000000000008
 21
-71.9669999999999987
 31
0
  0
LINE
  5
54E
330
1B
100
AcDbEntity
  8
F.Silkscreen
  6
CONTINUOUS
100
AcDbLine
 10
99.4222999999999928
 20
-67.98599999999999
 30
0
 11
99.4222999999999928
 21
-71.8739999999999952
 31
0
  0
LINE
  5
54F
330
1B
100
AcDbEntity
  8
F.Silkscreen
  6
CONTINUOUS
100
AcDbLine
 10
99.462299999999999
 20
-68.0840000000000032
 30
0
 11
99.462299999999999
 21
-71.7759999999999962
 31
0
  0
LINE
  5
550
330
1B
100
AcDbEntity
  8
F.Silkscreen
  6
CONTINUOUS
100
AcDbLine
 10
99.5022999999999911
 20
-68.1880000000000024
 30
0
 11
99.5022999999999911
 21
-71.671999999999997
 31
0
  0
LINE
  5
551
330
1B
100
AcDbEntity
  8
F.Silkscreen
  6
CONTINUOUS
100
AcDbLine
 10
99.5422999999999973
 20
-68.2999999999999972
 30
0
 11
99.5422999999999973
 21
-71.5600000000000023
 31
0
  0
LINE
  5
552
330
1B
100
AcDbEntity
  8
F.Silkscreen
  6
CONTINUOUS
100
AcDbLine
 10
99.5822999999999894
 20
-68.4209999999999923
 30
0
 11
99.5822999999999894
 21
-71.438999999999993
 31
0
  0
LINE
  5
553
330
1B
100
AcDbEntity
  8
F.Silkscreen
  6
CONTINUOUS
100
AcDbLine
 10
99.6222999999999956
 20
-68.5529999999999973
 30
0
 11
99.6222999999999956
 21
-71.3070000000000022
 31
0
  0
LINE
  5
554
330
1B
100
AcDbEntity
  8
F.Silkscreen
  6
CONTINUOUS
100
AcDbLine
 10
99.6623000000000019
 20
-68.7000000000000028
 30
0
 11
99.6623000000000019
 21
-71.1599999999999966
 31
0
  0
LINE
  5
555
330
1B
100
AcDbEntity
  8
F.Silkscreen
  6
CONTINUOUS
100
AcDbLine
 10
99.7022999999999939
 20
-68.867999999999995
 30
0
 11
99.7022999999999939
 21
-70.9919999999999902
 31
0
  0
LINE
  5
556
330
1B
100
AcDbEntity
  8
F.Silkscreen
  6
CONTINUOUS
100
AcDbLine
 10
99.7423000000000002
 20
-69.0679999999999978
 30
0
 11
99.7423000000000002
 21
-70.7920000000000016
 31
0
  0
LINE
  5
557
330
1B
100
AcDbEntity
  8
F.Silkscreen
  6
CONTINUOUS
100
AcDbLine
 10
99.7822999999999922
 20
-69.3310000000000031
 30
0
 11
99.7822999999999922
 21
-70.5289999999999964
 31
0
  0
CIRCLE
  5
558
330
1B
100
AcDbEntity
  8
F.Silkscreen
100
AcDbCircle
 10
94.7022999999999939
 20
-69.9299999999999926
 30
0
 40
5.1200000000000001
  0
LINE
  5
559
330
1B
100
AcDbEntity
  8
F.Silkscreen
  6
CONTINUOUS
100
AcDbLine
 10
39.1199999999999974
 20
-26.4299999999999997
 30
0
 11
39.7199999999999989
 21
-26.4299999999999997
 31
0
  0
LINE
  5
55A
330
1B
100
AcDbEntity
  8
F.Silkscreen
  6
CONTINUOUS
100
AcDbLine
 10
39.4200000000000017
 20
-26.7300000000000004
 30
0
 11
39.1199999999999974
 21
-26.4299999999999997
 31
0
  0
LINE
  5
55B
330
1B
100
AcDbEntity
  8
F.Silkscreen
  6
CONTINUOUS
100
AcDbLine
 10
39.7199999999999989
 20
-26.4299999999999997
 30
0
 11
39.4200000000000017
 21
-26.7300000000000004
 31
0
  0
LINE
  5
55C
330
1B
100
AcDbEntity
  8
F.Silkscreen
  6
CONTINUOUS
100
AcDbLine
 10
40.8200000000000003
 20
-24.629999999999999
 30
0
 11
40.8200000000000003
 21
-36.4299999999999997
 31
0
  0
LINE
  5
55D
330
1B
100
AcDbEntity
  8
F.Silkscreen
  6
CONTINUOUS
100
AcDbLine
 10
44.9199999999999946
 20
-24.629999999999999
 30
0
 11
40.8200000000000003
 21
-24.629999999999999
 31
0
  0
LINE
  5
55E
330
1B
100
AcDbEntity
  8
F.Silkscreen
  6
CONTINUOUS
100
AcDbLine
 10
44.9199999999999946
 20
-36.4299999999999997
 30
0
 11
40.8200000000000003
 21
-36.4299999999999997
 31
0
  0
LINE
  5
55F
330
1B
100
AcDbEntity
  8
F.Silkscreen
  6
CONTINUOUS
100
AcDbLine
 10
46.4199999999999946
 20
-30.5299999999999976
 30
0
 11
47.4199999999999946
 21
-30.5299999999999976
 31
0
  0
LINE
  5
560
330
1B
100
AcDbEntity
  8
F.Silkscreen
  6
CONTINUOUS
100
AcDbLine
 10
46.9199999999999946
 20
-30.0299999999999976
 30
0
 11
46.9199999999999946
 21
-31.0299999999999976
 31
0
  0
LINE
  5
561
330
1B
100
AcDbEntity
  8
F.Silkscreen
  6
CONTINUOUS
100
AcDbLine
 10
48.9199999999999946
 20
-24.629999999999999
 30
0
 11
53.019999999999996
 21
-24.629999999999999
 31
0
  0
LINE
  5
562
330
1B
100
AcDbEntity
  8
F.Silkscreen
  6
CONTINUOUS
100
AcDbLine
 10
53.019999999999996
 20
-24.629999999999999
 30
0
 11
53.019999999999996
 21
-27.0299999999999976
 31
0
  0
LINE
  5
563
330
1B
100
AcDbEntity
  8
F.Silkscreen
  6
CONTINUOUS
100
AcDbLine
 10
53.019999999999996
 20
-29.2300000000000004
 30
0
 11
53.019999999999996
 21
-31.8299999999999983
 31
0
  0
LINE
  5
564
330
1B
100
AcDbEntity
  8
F.Silkscreen
  6
CONTINUOUS
100
AcDbLine
 10
53.019999999999996
 20
-34.0300000000000011
 30
0
 11
53.019999999999996
 21
-36.4299999999999997
 31
0
  0
LINE
  5
565
330
1B
100
AcDbEntity
  8
F.Silkscreen
  6
CONTINUOUS
100
AcDbLine
 10
53.019999999999996
 20
-36.4299999999999997
 30
0
 11
48.9199999999999946
 21
-36.4299999999999997
 31
0
  0
CIRCLE
  5
566
330
1B
100
AcDbEntity
  8
F.Silkscreen
100
AcDbCircle
 10
46.9199999999999946
 20
-30.5299999999999976
 30
0
 40
3.
  0
LINE
  5
567
330
1B
100
AcDbEntity
  8
F.Silkscreen
  6
CONTINUOUS
100
AcDbLine
 10
110.7999999999999972
 20
-86.7599999999999909
 30
0
 11
117.3399999999999892
 21
-86.7599999999999909
 31
0
  0
LINE
  5
568
330
1B
100
AcDbEntity
  8
F.Silkscreen
  6
CONTINUOUS
100
AcDbLine
 10
110.7999999999999972
 20
-87.0899999999999892
 30
0
 11
110.7999999999999972
 21
-86.7599999999999909
 31
0
  0
LINE
  5
569
330
1B
100
AcDbEntity
  8
F.Silkscreen
  6
CONTINUOUS
100
AcDbLine
 10
110.7999999999999972
 20
-89.1700000000000017
 30
0
 11
110.7999999999999972
 21
-89.5
 31
0
  0
LINE
  5
56A
330
1B
100
AcDbEntity
  8
F.Silkscreen
  6
CONTINUOUS
100
AcDbLine
 10
110.7999999999999972
 20
-89.5
 30
0
 11
117.3399999999999892
 21
-89.5
 31
0
  0
LINE
  5
56B
330
1B
100
AcDbEntity
  8
F.Silkscreen
  6
CONTINUOUS
100
AcDbLine
 10
117.3399999999999892
 20
-86.7599999999999909
 30
0
 11
117.3399999999999892
 21
-87.0899999999999892
 31
0
  0
LINE
  5
56C
330
1B
100
AcDbEntity
  8
F.Silkscreen
  6
CONTINUOUS
100
AcDbLine
 10
117.3399999999999892
 20
-89.5
 30
0
 11
117.3399999999999892
 21
-89.1700000000000017
 31
0
  0
LINE
  5
56D
330
1B
100
AcDbEntity
  8
F.Silkscreen
  6
CONTINUOUS
100
AcDbLine
 10
80.9500000000000028
 20
-41.5599999999999952
 30
0
 11
86.1899999999999977
 21
-41.5599999999999952
 31
0
  0
LINE
  5
56E
330
1B
100
AcDbEntity
  8
F.Silkscreen
  6
CONTINUOUS
100
AcDbLine
 10
80.9500000000000028
 20
-44.2999999999999972
 30
0
 11
80.9500000000000028
 21
-41.5599999999999952
 31
0
  0
LINE
  5
56F
330
1B
100
AcDbEntity
  8
F.Silkscreen
  6
CONTINUOUS
100
AcDbLine
 10
86.1899999999999977
 20
-41.5599999999999952
 30
0
 11
86.1899999999999977
 21
-44.2999999999999972
 31
0
  0
LINE
  5
570
330
1B
100
AcDbEntity
  8
F.Silkscreen
  6
CONTINUOUS
100
AcDbLine
 10
86.1899999999999977
 20
-44.2999999999999972
 30
0
 11
80.9500000000000028
 21
-44.2999999999999972
 31
0
  0
LINE
  5
571
330
1B
100
AcDbEntity
  8
F.Silkscreen
  6
CONTINUOUS
100
AcDbLine
 10
36.1599999999999966
 20
-101.25
 30
0
 11
36.1599999999999966
 21
-111.4099999999999966
 31
0
  0
LINE
  5
572
330
1B
100
AcDbEntity
  8
F.Silkscreen
  6
CONTINUOUS
100
AcDbLine
 10
36.1599999999999966
 20
-111.4099999999999966
 30
0
 11
43.7800000000000011
 21
-111.4099999999999966
 31
0
  0
LINE
  5
573
330
1B
100
AcDbEntity
  8
F.Silkscreen
  6
CONTINUOUS
100
AcDbLine
 10
42.509999999999998
 20
-101.25
 30
0
 11
42.509999999999998
 21
-111.4099999999999966
 31
0
  0
LINE
  5
574
330
1B
100
AcDbEntity
  8
F.Silkscreen
  6
CONTINUOUS
100
AcDbLine
 10
43.7800000000000011
 20
-101.25
 30
0
 11
36.1599999999999966
 21
-101.25
 31
0
  0
LINE
  5
575
330
1B
100
AcDbEntity
  8
F.Silkscreen
  6
CONTINUOUS
100
AcDbLine
 10
43.7800000000000011
 20
-111.4099999999999966
 30
0
 11
43.7800000000000011
 21
-101.25
 31
0
  0
LINE
  5
576
330
1B
100
AcDbEntity
  8
F.Silkscreen
  6
CONTINUOUS
100
AcDbLine
 10
46.9600000000000009
 20
-104.2299999999999898
 30
0
 11
51.9600000000000009
 21
-104.2299999999999898
 31
0
  0
LINE
  5
577
330
1B
100
AcDbEntity
  8
F.Silkscreen
  6
CONTINUOUS
100
AcDbLine
 10
46.9600000000000009
 20
-106.8299999999999983
 30
0
 11
46.9600000000000009
 21
-104.2299999999999898
 31
0
  0
LINE
  5
578
330
1B
100
AcDbEntity
  8
F.Silkscreen
  6
CONTINUOUS
100
AcDbLine
 10
46.9600000000000009
 20
-114.8299999999999983
 30
0
 11
48.7100000000000009
 21
-114.8299999999999983
 31
0
  0
LINE
  5
579
330
1B
100
AcDbEntity
  8
F.Silkscreen
  6
CONTINUOUS
100
AcDbLine
 10
46.9600000000000009
 20
-117.4299999999999926
 30
0
 11
46.9600000000000009
 21
-114.8299999999999983
 31
0
  0
LINE
  5
57A
330
1B
100
AcDbEntity
  8
F.Silkscreen
  6
CONTINUOUS
100
AcDbLine
 10
46.9600000000000009
 20
-117.4299999999999926
 30
0
 11
51.9600000000000009
 21
-117.4299999999999926
 31
0
  0
LINE
  5
57B
330
1B
100
AcDbEntity
  8
F.Silkscreen
  6
CONTINUOUS
100
AcDbLine
 10
48.7100000000000009
 20
-106.8299999999999983
 30
0
 11
46.9600000000000009
 21
-106.8299999999999983
 31
0
  0
LINE
  5
57C
330
1B
100
AcDbEntity
  8
F.Silkscreen
  6
CONTINUOUS
100
AcDbLine
 10
48.7100000000000009
 20
-109.3299999999999983
 30
0
 11
48.7100000000000009
 21
-106.8299999999999983
 31
0
  0
LINE
  5
57D
330
1B
100
AcDbEntity
  8
F.Silkscreen
  6
CONTINUOUS
100
AcDbLine
 10
48.7100000000000009
 20
-114.8299999999999983
 30
0
 11
48.7100000000000009
 21
-112.3299999999999983
 31
0
  0
LINE
  5
57E
330
1B
100
AcDbEntity
  8
F.Silkscreen
  6
CONTINUOUS
100
AcDbLine
 10
51.9600000000000009
 20
-102.7299999999999898
 30
0
 11
57.4600000000000009
 21
-102.7299999999999898
 31
0
  0
LINE
  5
57F
330
1B
100
AcDbEntity
  8
F.Silkscreen
  6
CONTINUOUS
100
AcDbLine
 10
51.9600000000000009
 20
-118.9299999999999926
 30
0
 11
51.9600000000000009
 21
-102.7299999999999898
 31
0
  0
LINE
  5
580
330
1B
100
AcDbEntity
  8
F.Silkscreen
  6
CONTINUOUS
100
AcDbLine
 10
51.9600000000000009
 20
-118.9299999999999926
 30
0
 11
57.4600000000000009
 21
-118.9299999999999926
 31
0
  0
LINE
  5
581
330
1B
100
AcDbEntity
  8
F.Silkscreen
  6
CONTINUOUS
100
AcDbLine
 10
61.759999999999998
 20
-102.7299999999999898
 30
0
 11
67.3599999999999994
 21
-102.7299999999999898
 31
0
  0
LINE
  5
582
330
1B
100
AcDbEntity
  8
F.Silkscreen
  6
CONTINUOUS
100
AcDbLine
 10
61.759999999999998
 20
-118.9299999999999926
 30
0
 11
67.3599999999999994
 21
-118.9299999999999926
 31
0
  0
LINE
  5
583
330
1B
100
AcDbEntity
  8
F.Silkscreen
  6
CONTINUOUS
100
AcDbLine
 10
67.3599999999999994
 20
-102.1799999999999926
 30
0
 11
97.7599999999999909
 21
-102.1799999999999926
 31
0
  0
LINE
  5
584
330
1B
100
AcDbEntity
  8
F.Silkscreen
  6
CONTINUOUS
100
AcDbLine
 10
67.3599999999999994
 20
-119.4799999999999898
 30
0
 11
67.3599999999999994
 21
-102.1799999999999926
 31
0
  0
LINE
  5
585
330
1B
100
AcDbEntity
  8
F.Silkscreen
  6
CONTINUOUS
100
AcDbLine
 10
67.3599999999999994
 20
-119.4799999999999898
 30
0
 11
97.7599999999999909
 21
-119.4799999999999898
 31
0
  0
LINE
  5
586
330
1B
100
AcDbEntity
  8
F.Silkscreen
  6
CONTINUOUS
100
AcDbLine
 10
97.7599999999999909
 20
-101.2299999999999898
 30
0
 11
101.9599999999999937
 21
-101.2299999999999898
 31
0
  0
LINE
  5
587
330
1B
100
AcDbEntity
  8
F.Silkscreen
  6
CONTINUOUS
100
AcDbLine
 10
97.7599999999999909
 20
-120.4299999999999926
 30
0
 11
97.7599999999999909
 21
-101.2299999999999898
 31
0
  0
LINE
  5
588
330
1B
100
AcDbEntity
  8
F.Silkscreen
  6
CONTINUOUS
100
AcDbLine
 10
97.7599999999999909
 20
-120.4299999999999926
 30
0
 11
101.9599999999999937
 21
-120.4299999999999926
 31
0
  0
LINE
  5
589
330
1B
100
AcDbEntity
  8
F.Silkscreen
  6
CONTINUOUS
100
AcDbLine
 10
101.9599999999999937
 20
-101.2299999999999898
 30
0
 11
101.9599999999999937
 21
-120.4299999999999926
 31
0
  0
LINE
  5
58A
330
1B
100
AcDbEntity
  8
F.Silkscreen
  6
CONTINUOUS
100
AcDbLine
 10
64.25
 20
-41.5599999999999952
 30
0
 11
69.4899999999999949
 21
-41.5599999999999952
 31
0
  0
LINE
  5
58B
330
1B
100
AcDbEntity
  8
F.Silkscreen
  6
CONTINUOUS
100
AcDbLine
 10
64.25
 20
-44.2999999999999972
 30
0
 11
64.25
 21
-41.5599999999999952
 31
0
  0
LINE
  5
58C
330
1B
100
AcDbEntity
  8
F.Silkscreen
  6
CONTINUOUS
100
AcDbLine
 10
69.4899999999999949
 20
-41.5599999999999952
 30
0
 11
69.4899999999999949
 21
-44.2999999999999972
 31
0
  0
LINE
  5
58D
330
1B
100
AcDbEntity
  8
F.Silkscreen
  6
CONTINUOUS
100
AcDbLine
 10
69.4899999999999949
 20
-44.2999999999999972
 30
0
 11
64.25
 21
-44.2999999999999972
 31
0
  0
LINE
  5
58E
330
1B
100
AcDbEntity
  8
F.Silkscreen
  6
CONTINUOUS
100
AcDbLine
 10
74.3599999999999994
 20
-47.4199999999999946
 30
0
 11
84.5799999999999983
 21
-47.4199999999999946
 31
0
  0
LINE
  5
58F
330
1B
100
AcDbEntity
  8
F.Silkscreen
  6
CONTINUOUS
100
AcDbLine
 10
74.3599999999999994
 20
-48.7999999999999972
 30
0
 11
84.5799999999999983
 21
-48.7999999999999972
 31
0
  0
LINE
  5
590
330
1B
100
AcDbEntity
  8
F.Silkscreen
  6
CONTINUOUS
100
AcDbLine
 10
74.3599999999999994
 20
-52.0399999999999991
 30
0
 11
74.3599999999999994
 21
-47.4199999999999946
 31
0
  0
LINE
  5
591
330
1B
100
AcDbEntity
  8
F.Silkscreen
  6
CONTINUOUS
100
AcDbLine
 10
77.6199999999999903
 20
-47.4199999999999946
 30
0
 11
77.6199999999999903
 21
-48.7999999999999972
 31
0
  0
LINE
  5
592
330
1B
100
AcDbEntity
  8
F.Silkscreen
  6
CONTINUOUS
100
AcDbLine
 10
81.3199999999999932
 20
-47.4199999999999946
 30
0
 11
81.3199999999999932
 21
-48.7999999999999972
 31
0
  0
LINE
  5
593
330
1B
100
AcDbEntity
  8
F.Silkscreen
  6
CONTINUOUS
100
AcDbLine
 10
84.5799999999999983
 20
-47.4199999999999946
 30
0
 11
84.5799999999999983
 21
-52.0399999999999991
 31
0
  0
LINE
  5
594
330
1B
100
AcDbEntity
  8
F.Silkscreen
  6
CONTINUOUS
100
AcDbLine
 10
84.5799999999999983
 20
-52.0399999999999991
 30
0
 11
74.3599999999999994
 21
-52.0399999999999991
 31
0
  0
LINE
  5
595
330
1B
100
AcDbEntity
  8
F.Silkscreen
  6
CONTINUOUS
100
AcDbLine
 10
42.0899999999999963
 20
-89.5300000000000011
 30
0
 11
43.
 21
-89.5300000000000011
 31
0
  0
LINE
  5
596
330
1B
100
AcDbEntity
  8
F.Silkscreen
  6
CONTINUOUS
100
AcDbLine
 10
44.4249999999999972
 20
-86.8100000000000023
 30
0
 11
44.4249999999999972
 21
-92.25
 31
0
  0
LINE
  5
597
330
1B
100
AcDbEntity
  8
F.Silkscreen
  6
CONTINUOUS
100
AcDbLine
 10
44.5449999999999946
 20
-86.8100000000000023
 30
0
 11
44.5449999999999946
 21
-92.25
 31
0
  0
LINE
  5
598
330
1B
100
AcDbEntity
  8
F.Silkscreen
  6
CONTINUOUS
100
AcDbLine
 10
44.6649999999999991
 20
-86.8100000000000023
 30
0
 11
44.6649999999999991
 21
-92.25
 31
0
  0
LINE
  5
599
330
1B
100
AcDbEntity
  8
F.Silkscreen
  6
CONTINUOUS
100
AcDbLine
 10
53.6499999999999986
 20
-89.5300000000000011
 30
0
 11
52.7399999999999949
 21
-89.5300000000000011
 31
0
  0
LINE
  5
59A
330
1B
100
AcDbEntity
  8
F.Silkscreen
  6
CONTINUOUS
100
AcDbLine
 10
43.
 20
-86.8100000000000023
 30
0
 11
52.7399999999999949
 21
-86.8100000000000023
 31
0
  0
LINE
  5
59B
330
1B
100
AcDbEntity
  8
F.Silkscreen
  6
CONTINUOUS
100
AcDbLine
 10
52.7399999999999949
 20
-86.8100000000000023
 30
0
 11
52.7399999999999949
 21
-92.25
 31
0
  0
LINE
  5
59C
330
1B
100
AcDbEntity
  8
F.Silkscreen
  6
CONTINUOUS
100
AcDbLine
 10
52.7399999999999949
 20
-92.25
 30
0
 11
43.
 21
-92.25
 31
0
  0
LINE
  5
59D
330
1B
100
AcDbEntity
  8
F.Silkscreen
  6
CONTINUOUS
100
AcDbLine
 10
43.
 20
-92.25
 30
0
 11
43.
 21
-86.8100000000000023
 31
0
  0
LINE
  5
59E
330
1B
100
AcDbEntity
  8
F.Silkscreen
  6
CONTINUOUS
100
AcDbLine
 10
39.2999999999999972
 20
-95.3599999999999994
 30
0
 11
45.8399999999999963
 21
-95.3599999999999994
 31
0
  0
LINE
  5
59F
330
1B
100
AcDbEntity
  8
F.Silkscreen
  6
CONTINUOUS
100
AcDbLine
 10
39.2999999999999972
 20
-95.6899999999999977
 30
0
 11
39.2999999999999972
 21
-95.3599999999999994
 31
0
  0
LINE
  5
5A0
330
1B
100
AcDbEntity
  8
F.Silkscreen
  6
CONTINUOUS
100
AcDbLine
 10
39.2999999999999972
 20
-97.769999999999996
 30
0
 11
39.2999999999999972
 21
-98.0999999999999943
 31
0
  0
LINE
  5
5A1
330
1B
100
AcDbEntity
  8
F.Silkscreen
  6
CONTINUOUS
100
AcDbLine
 10
39.2999999999999972
 20
-98.0999999999999943
 30
0
 11
45.8399999999999963
 21
-98.0999999999999943
 31
0
  0
LINE
  5
5A2
330
1B
100
AcDbEntity
  8
F.Silkscreen
  6
CONTINUOUS
100
AcDbLine
 10
45.8399999999999963
 20
-95.3599999999999994
 30
0
 11
45.8399999999999963
 21
-95.6899999999999977
 31
0
  0
LINE
  5
5A3
330
1B
100
AcDbEntity
  8
F.Silkscreen
  6
CONTINUOUS
100
AcDbLine
 10
45.8399999999999963
 20
-98.0999999999999943
 30
0
 11
45.8399999999999963
 21
-97.769999999999996
 31
0
  0
LINE
  5
5A4
330
1B
100
AcDbEntity
  8
F.Silkscreen
  6
CONTINUOUS
100
AcDbLine
 10
51.7999999999999972
 20
-95.3599999999999994
 30
0
 11
58.3399999999999963
 21
-95.3599999999999994
 31
0
  0
LINE
  5
5A5
330
1B
100
AcDbEntity
  8
F.Silkscreen
  6
CONTINUOUS
100
AcDbLine
 10
51.7999999999999972
 20
-95.6899999999999977
 30
0
 11
51.7999999999999972
 21
-95.3599999999999994
 31
0
  0
LINE
  5
5A6
330
1B
100
AcDbEntity
  8
F.Silkscreen
  6
CONTINUOUS
100
AcDbLine
 10
51.7999999999999972
 20
-97.769999999999996
 30
0
 11
51.7999999999999972
 21
-98.0999999999999943
 31
0
  0
LINE
  5
5A7
330
1B
100
AcDbEntity
  8
F.Silkscreen
  6
CONTINUOUS
100
AcDbLine
 10
51.7999999999999972
 20
-98.0999999999999943
 30
0
 11
58.3399999999999963
 21
-98.0999999999999943
 31
0
  0
LINE
  5
5A8
330
1B
100
AcDbEntity
  8
F.Silkscreen
  6
CONTINUOUS
100
AcDbLine
 10
58.3399999999999963
 20
-95.3599999999999994
 30
0
 11
58.3399999999999963
 21
-95.6899999999999977
 31
0
  0
LINE
  5
5A9
330
1B
100
AcDbEntity
  8
F.Silkscreen
  6
CONTINUOUS
100
AcDbLine
 10
58.3399999999999963
 20
-98.0999999999999943
 30
0
 11
58.3399999999999963
 21
-97.769999999999996
 31
0
  0
LINE
  5
5AA
330
1B
100
AcDbEntity
  8
F.Silkscreen
  6
CONTINUOUS
100
AcDbLine
 10
25.259999999999998
 20
-101.25
 30
0
 11
25.259999999999998
 21
-111.4099999999999966
 31
0
  0
LINE
  5
5AB
330
1B
100
AcDbEntity
  8
F.Silkscreen
  6
CONTINUOUS
100
AcDbLine
 10
25.259999999999998
 20
-111.4099999999999966
 30
0
 11
32.8799999999999955
 21
-111.4099999999999966
 31
0
  0
LINE
  5
5AC
330
1B
100
AcDbEntity
  8
F.Silkscreen
  6
CONTINUOUS
100
AcDbLine
 10
31.6099999999999994
 20
-101.25
 30
0
 11
31.6099999999999994
 21
-111.4099999999999966
 31
0
  0
LINE
  5
5AD
330
1B
100
AcDbEntity
  8
F.Silkscreen
  6
CONTINUOUS
100
AcDbLine
 10
32.8799999999999955
 20
-101.25
 30
0
 11
25.259999999999998
 21
-101.25
 31
0
  0
LINE
  5
5AE
330
1B
100
AcDbEntity
  8
F.Silkscreen
  6
CONTINUOUS
100
AcDbLine
 10
32.8799999999999955
 20
-111.4099999999999966
 30
0
 11
32.8799999999999955
 21
-101.25
 31
0
  0
LINE
  5
5AF
330
1B
100
AcDbEntity
  8
F.Silkscreen
  6
CONTINUOUS
100
AcDbLine
 10
60.4299999999999997
 20
-86.8049999999999926
 30
0
 11
69.1099999999999994
 21
-86.8049999999999926
 31
0
  0
LINE
  5
5B0
330
1B
100
AcDbEntity
  8
F.Silkscreen
  6
CONTINUOUS
100
AcDbLine
 10
60.4299999999999997
 20
-91.2549999999999955
 30
0
 11
60.4299999999999997
 21
-86.8049999999999926
 31
0
  0
LINE
  5
5B1
330
1B
100
AcDbEntity
  8
F.Silkscreen
  6
CONTINUOUS
100
AcDbLine
 10
60.4299999999999997
 20
-91.2549999999999955
 30
0
 11
69.1099999999999994
 21
-91.2549999999999955
 31
0
  0
LINE
  5
5B2
330
1B
100
AcDbEntity
  8
F.Silkscreen
  6
CONTINUOUS
100
AcDbLine
 10
69.1099999999999994
 20
-86.8049999999999926
 30
0
 11
69.1099999999999994
 21
-91.2549999999999955
 31
0
  0
LINE
  5
5B3
330
1B
100
AcDbEntity
  8
F.Silkscreen
  6
CONTINUOUS
100
AcDbLine
 10
55.9199999999999946
 20
-47.4199999999999946
 30
0
 11
71.2199999999999989
 21
-47.4199999999999946
 31
0
  0
LINE
  5
5B4
330
1B
100
AcDbEntity
  8
F.Silkscreen
  6
CONTINUOUS
100
AcDbLine
 10
55.9199999999999946
 20
-48.7999999999999972
 30
0
 11
71.2199999999999989
 21
-48.7999999999999972
 31
0
  0
LINE
  5
5B5
330
1B
100
AcDbEntity
  8
F.Silkscreen
  6
CONTINUOUS
100
AcDbLine
 10
55.9199999999999946
 20
-52.0399999999999991
 30
0
 11
55.9199999999999946
 21
-47.4199999999999946
 31
0
  0
LINE
  5
5B6
330
1B
100
AcDbEntity
  8
F.Silkscreen
  6
CONTINUOUS
100
AcDbLine
 10
71.2199999999999989
 20
-47.4199999999999946
 30
0
 11
71.2199999999999989
 21
-52.0399999999999991
 31
0
  0
LINE
  5
5B7
330
1B
100
AcDbEntity
  8
F.Silkscreen
  6
CONTINUOUS
100
AcDbLine
 10
71.2199999999999989
 20
-52.0399999999999991
 30
0
 11
55.9199999999999946
 21
-52.0399999999999991
 31
0
  0
LINE
  5
5B8
330
1B
100
AcDbEntity
  8
F.Silkscreen
  6
CONTINUOUS
100
AcDbLine
 10
70.
 20
-78.1599999999999966
 30
0
 11
76.539999999999992
 21
-78.1599999999999966
 31
0
  0
LINE
  5
5B9
330
1B
100
AcDbEntity
  8
F.Silkscreen
  6
CONTINUOUS
100
AcDbLine
 10
70.
 20
-78.4899999999999949
 30
0
 11
70.
 21
-78.1599999999999966
 31
0
  0
LINE
  5
5BA
330
1B
100
AcDbEntity
  8
F.Silkscreen
  6
CONTINUOUS
100
AcDbLine
 10
70.
 20
-80.5699999999999932
 30
0
 11
70.
 21
-80.8999999999999915
 31
0
  0
LINE
  5
5BB
330
1B
100
AcDbEntity
  8
F.Silkscreen
  6
CONTINUOUS
100
AcDbLine
 10
70.
 20
-80.8999999999999915
 30
0
 11
76.539999999999992
 21
-80.8999999999999915
 31
0
  0
LINE
  5
5BC
330
1B
100
AcDbEntity
  8
F.Silkscreen
  6
CONTINUOUS
100
AcDbLine
 10
76.539999999999992
 20
-78.1599999999999966
 30
0
 11
76.539999999999992
 21
-78.4899999999999949
 31
0
  0
LINE
  5
5BD
330
1B
100
AcDbEntity
  8
F.Silkscreen
  6
CONTINUOUS
100
AcDbLine
 10
76.539999999999992
 20
-80.8999999999999915
 30
0
 11
76.539999999999992
 21
-80.5699999999999932
 31
0
  0
LINE
  5
5BE
330
1B
100
AcDbEntity
  8
F.Silkscreen
  6
CONTINUOUS
100
AcDbLine
 10
57.3999999999999986
 20
-78.1599999999999966
 30
0
 11
63.9399999999999977
 21
-78.1599999999999966
 31
0
  0
LINE
  5
5BF
330
1B
100
AcDbEntity
  8
F.Silkscreen
  6
CONTINUOUS
100
AcDbLine
 10
57.3999999999999986
 20
-78.4899999999999949
 30
0
 11
57.3999999999999986
 21
-78.1599999999999966
 31
0
  0
LINE
  5
5C0
330
1B
100
AcDbEntity
  8
F.Silkscreen
  6
CONTINUOUS
100
AcDbLine
 10
57.3999999999999986
 20
-80.5699999999999932
 30
0
 11
57.3999999999999986
 21
-80.8999999999999915
 31
0
  0
LINE
  5
5C1
330
1B
100
AcDbEntity
  8
F.Silkscreen
  6
CONTINUOUS
100
AcDbLine
 10
57.3999999999999986
 20
-80.8999999999999915
 30
0
 11
63.9399999999999977
 21
-80.8999999999999915
 31
0
  0
LINE
  5
5C2
330
1B
100
AcDbEntity
  8
F.Silkscreen
  6
CONTINUOUS
100
AcDbLine
 10
63.9399999999999977
 20
-78.1599999999999966
 30
0
 11
63.9399999999999977
 21
-78.4899999999999949
 31
0
  0
LINE
  5
5C3
330
1B
100
AcDbEntity
  8
F.Silkscreen
  6
CONTINUOUS
100
AcDbLine
 10
63.9399999999999977
 20
-80.8999999999999915
 30
0
 11
63.9399999999999977
 21
-80.5699999999999932
 31
0
  0
LINE
  5
5C4
330
1B
100
AcDbEntity
  8
F.Silkscreen
  6
CONTINUOUS
100
AcDbLine
 10
25.5399999999999991
 20
-41.8500000000000014
 30
0
 11
25.5399999999999991
 21
-80.6099999999999994
 31
0
  0
LINE
  5
5C5
330
1B
100
AcDbEntity
  8
F.Silkscreen
  6
CONTINUOUS
100
AcDbLine
 10
25.5399999999999991
 20
-41.8500000000000014
 30
0
 11
51.5999999999999943
 21
-41.8500000000000014
 31
0
  0
LINE
  5
5C6
330
1B
100
AcDbEntity
  8
F.Silkscreen
  6
CONTINUOUS
100
AcDbLine
 10
25.5399999999999991
 20
-80.6099999999999994
 30
0
 11
51.5999999999999943
 21
-80.6099999999999994
 31
0
  0
LINE
  5
5C7
330
1B
100
AcDbEntity
  8
F.Silkscreen
  6
CONTINUOUS
100
AcDbLine
 10
51.5999999999999943
 20
-41.8500000000000014
 30
0
 11
51.5999999999999943
 21
-80.6099999999999994
 31
0
  0
LINE
  5
5C8
330
1B
100
AcDbEntity
  8
Edge.Cuts
  6
CONTINUOUS
100
AcDbLine
 10
20.
 20
-20.
 30
0
 11
124.
 21
-20.
 31
0
  0
LINE
  5
5C9
330
1B
100
AcDbEntity
  8
Edge.Cuts
  6
CONTINUOUS
100
AcDbLine
 10
124.
 20
-20.
 30
0
 11
124.
 21
-124.
 31
0
  0
LINE
  5
5CA
330
1B
100
AcDbEntity
  8
Edge.Cuts
  6
CONTINUOUS
100
AcDbLine
 10
124.
 20
-124.
 30
0
 11
20.
 21
-124.
 31
0
  0
LINE
  5
5CB
330
1B
100
AcDbEntity
  8
Edge.Cuts
  6
CONTINUOUS
100
AcDbLine
 10
20.
 20
-124.
 30
0
 11
20.
 21
-20.
 31
0
  0
ENDSEC
  0
SECTION
  2
OBJECTS
  0
DICTIONARY
  5
21
330
0
100
AcDbDictionary
281
1
  3
ACAD_GROUP
350
5CC
  3
ACAD_LAYOUT
350
22
  3
ACAD_PLOTSTYLENAME
350
11
  0
DICTIONARY
  5
5CC
330
21
100
AcDbDictionary
281
1
  0
ACDBDICTIONARYWDFLT
  5
11
330
21
100
AcDbDictionary
281
1
  3
Normal
350
10
100
AcDbDictionaryWithDefault
340
10
  0
ACDBPLACEHOLDER
  5
10
330
11
  0
DICTIONARY
  5
22
330
21
100
AcDbDictionary
281
1
  3
Model
350
1E
  3
Layout1
350
1F
  3
Layout2
350
20
  0
LAYOUT
  5
1E
330
22
100
AcDbPlotSettings
  1

  2
none_device
  4
A3
  6

 40
0.0
 41
0.0
 42
0.0
 43
0.0
 44
420.0
 45
297.0
 46
0.0
 47
0.0
 48
0.0
 49
0.0
140
0.0
141
0.0
142
1.0
143
1.0
 70
1024
 72
1
 73
0
 74
5
  7

 75
16
 76
0
 77
2
 78
300
147
1.0
148
0.0
149
0.0
100
AcDbLayout
  1
Model
 70
1
 71
0
 10
0.0
 20
0.0
 11
420.0
 21
297.0
 12
0.0
 22
0.0
 32
0.0
 14
1e+20
 24
1e+20
 34
1e+20
 15
-1e+20
 25
-1e+20
 35
-1e+20
146
0.0
 13
0.0
 23
0.0
 33
0.0
 16
1.0
 26
0.0
 36
0.0
 17
0.0
 27
1.0
 37
0.0
 76
0
330
1B
  0
LAYOUT
  5
1F
330
22
100
AcDbPlotSettings
  1

  2
none_device
  4
A3
  6

 40
0.0
 41
0.0
 42
0.0
 43
0.0
 44
420.0
 45
297.0
 46
0.0
 47
0.0
 48
0.0
 49
0.0
140
0.0
141
0.0
142
1.0
143
1.0
 70
0
 72
1
 73
0
 74
5
  7

 75
16
 76
0
 77
2
 78
300
147
1.0
148
0.0
149
0.0
100
AcDbLayout
  1
Layout1
 70
1
 71
1
 10
0.0
 20
0.0
 11
420.0
 21
297.0
 12
0.0
 22
0.0
 32
0.0
 14
1e+20
 24
1e+20
 34
1e+20
 15
-1e+20
 25
-1e+20
 35
-1e+20
146
0.0
 13
0.0
 23
0.0
 33
0.0
 16
1.0
 26
0.0
 36
0.0
 17
0.0
 27
1.0
 37
0.0
 76
0
330
1C
  0
LAYOUT
  5
20
330
22
100
AcDbPlotSettings
  1

  2
none_device
  4
A3
  6

 40
0.0
 41
0.0
 42
0.0
 43
0.0
 44
420.0
 45
297.0
 46
0.0
 47
0.0
 48
0.0
 49
0.0
140
0.0
141
0.0
142
1.0
143
1.0
 70
0
 72
1
 73
0
 74
5
  7

 75
16
 76
0
 77
2
 78
300
147
1.0
148
0.0
149
0.0
100
AcDbLayout
  1
Layout2
 70
1
 71
2
 10
0.0
 20
0.0
 11
420.0
 21
297.0
 12
0.0
 22
0.0
 32
0.0
 14
1e+20
 24
1e+20
 34
1e+20
 15
-1e+20
 25
-1e+20
 35
-1e+20
146
0.0
 13
0.0
 23
0.0
 33
0.0
 16
1.0
 26
0.0
 36
0.0
 17
0.0
 27
1.0
 37
0.0
 76
0
330
1D
  0
ENDSEC
  0
EOF
